dD (permil),year (AD)
-280.340492,2001.985
-277.167815,2001.96
-278.793691,2001.935
-270.699026,2001.905
-264.770267,2001.88
-263.719138,2001.855
-283.430235,2001.825
-303.719937,2001.8
-291.856633,2001.775
-279.396403,2001.745
-270.1021,2001.72
-295.380329,2001.695
-276.256514,2001.67
-254.593594,2001.645
-247.336939,2001.615
-238.476589,2001.59
-247.486412,2001.565
-234.472652,2001.535
-235.03004,2001.51
-241.252922,2001.485
-239.682977,2001.455
-236.617342,2001.43
-236.544053,2001.405
-228.282557,2001.375
-214.4385,2001.35
-216.251458,2001.325
-220.300719,2001.295
-215.601493,2001.27
-222.399122,2001.245
-248.512469,2001.215
-270.321005,2001.19
-274.945977,2001.165
-272.35094,2001.135
-264.027726,2001.11
-261.760564,2001.085
-264.614044,2001.06
-251.03711,2001.035
-228.900698,2001.005
-224.787791,2000.98
-225.791668,2000.955
-222.550523,2000.93
-218.56298,2000.905
-216.966998,2000.88
-225.574692,2000.86
-238.765891,2000.835
-236.677131,2000.81
-231.176539,2000.785
-233.645248,2000.76
-252.087275,2000.735
-263.761568,2000.71
-247.324403,2000.685
-230.795625,2000.66
-220.566988,2000.645
-215.304947,2000.64
-265.18717,2000.615
-270.463404,2000.59
-271.899836,2000.565
-254.889209,2000.54
-234.997042,2000.52
-225.619746,2000.495
-223.092013,2000.47
-227.359853,2000.445
-238.550523,2000.42
-243.203018,2000.395
-241.735737,2000.37
-233.552898,2000.35
-228.115667,2000.325
-228.115667,2000.3
-226.998335,2000.28
-219.251245,2000.255
-212.868283,2000.23
-210.354046,2000.205
-211.187948,2000.18
-212.102829,2000.16
-211.892667,2000.135
-216.765929,2000.11
-221.325877,2000.085
-229.133702,2000.06
-238.959279,2000.035
-239.688099,2000.01
-231.466698,1999.98
-232.119358,1999.94005
-237.219172,1999.90005
-240.887375,1999.86005
-237.035039,1999.82005
-231.731811,1999.775
-215.648598,1999.73
-215.388305,1999.68505
-225.864615,1999.64
-237.437047,1999.59995
-251.924761,1999.56
-264.02742,1999.515
-266.637098,1999.47005
-254.243296,1999.43
-251.256676,1999.38495
-256.898285,1999.34
-263.468272,1999.3
-263.738205,1999.26005
-255.438716,1999.215
-245.430933,1999.16995
-244.537261,1999.13
-243.832542,1999.085
-243.179881,1999.04005
-246.93774,1999
-254.115078,1998.95995
-257.006258,1998.92
-250.917331,1998.885
-250.373608,1998.85005
-256.202242,1998.81
-260.783362,1998.76995
-267.400383,1998.73
-269.821386,1998.695
-270.020003,1998.66005
-264.259154,1998.62
-250.558459,1998.57995
-236.809555,1998.54
-240.14458,1998.5
-256.120691,1998.465
-268.012624,1998.43
-271.555908,1998.395
-272.239496,1998.36
-270.069175,1998.32
-261.430313,1998.285
-242.392999,1998.25
-223.661323,1998.215
-210.445599,1998.18
-207.590725,1998.145
-206.343104,1998.11
-202.166368,1998.07
-203.989592,1998.035
-208.281063,1998
-215.6993,1997.955
-225.499974,1997.905
-235.507941,1997.86
-246.710501,1997.815
-265.265736,1997.77
-279.607597,1997.725
-282.895378,1997.675
-270.574394,1997.63
-246.892727,1997.585
-230.912761,1997.54
-225.208798,1997.495
-228.800289,1997.445
-234.941016,1997.4
-241.539718,1997.355
-248.602181,1997.31
-259.652404,1997.26505
-262.191034,1997.21505
-260.063136,1997.16505
-255.60583,1997.12005
-248.777658,1997.075
-247.429764,1997.025
-249.597193,1996.975
-253.157831,1996.92995
-258.830941,1996.87995
-266.863347,1996.82995
-271.801768,1996.78495
-272.608769,1996.73495
-267.843896,1996.68495
-264.562864,1996.63505
-265.104722,1996.58505
-263.768398,1996.53505
-260.692731,1996.48505
-260.362989,1996.435
-254.092101,1996.385
-246.414505,1996.335
-242.330328,1996.28495
-245.241123,1996.23495
-248.614715,1996.18495
-248.58579,1996.13495
-247.112556,1996.08505
-243.573129,1996.04005
-235.195554,1995.99505
-223.573584,1995.94505
-218.62637899999999,1995.89505
-223.791782,1995.85005
-235.867541,1995.805
-246.141437,1995.745
-252.227063,1995.685
-251.158293,1995.64
-253.089411,1995.595
-256.088335,1995.545
-263.912161,1995.495
-272.436282,1995.445
-271.182309,1995.395
-261.956928,1995.345
-249.663171,1995.295
-239.251338,1995.25
-234.426437,1995.205
-233.069252,1995.155
-229.439483,1995.105
-226.393294,1995.055
-221.670639,1995.005
-222.172228,1994.955
-229.2919,1994.905
-238.067781,1994.855
-248.57125,1994.805
-260.38271,1994.76
-270.283307,1994.715
-271.346291,1994.665
-271.021222,1994.615
-270.43282,1994.565
-265.902119,1994.515
-256.496358,1994.465
-245.363973,1994.415
-237.853641,1994.37
-234.616462,1994.325
-234.261491,1994.275
-234.887513,1994.22
-238.023409,1994.16495
-244.490051,1994.11
-250.916179,1994.05505
-251.0464,1994.005
-246.764565,1993.965
-248.364827,1993.93
-253.447275,1993.89
-255.548162,1993.85005
-255.200908,1993.81505
-253.591964,1993.78
-253.354674,1993.74005
-254.960724,1993.70005
-255.841399,1993.665
-257.699208,1993.62995
-261.840212,1993.58995
-263.268776,1993.555
-259.445124,1993.51995
-250.539023,1993.47995
-244.686828,1993.44
-244.652103,1993.40495
-251.687855,1993.36995
-259.88112,1993.33
-263.431793,1993.29
-257.832322,1993.25
-244.450502,1993.215
-227.427717,1993.18
-222.14422,1993.14
-228.361518,1993.105
-233.147245,1993.07
-234.684929,1993.03005
-229.763183,1992.99005
-224.780663,1992.95
-218.968527,1992.91
-219.962137,1992.875
-221.1072,1992.84
-222.687329,1992.8
-225.599668,1992.76
-228.617155,1992.725
-235.897519,1992.69
-244.240949,1992.65
-255.233362,1992.61
-260.605609,1992.575
-261.034887,1992.54
-260.138709,1992.5
-258.21998,1992.46
-258.097467,1992.425
-259.191403,1992.39
-262.152939,1992.35
-263.107963,1992.31005
-260.74838,1992.27505
-254.691218,1992.24
-248.363948,1992.20005
-243.84254,1992.16005
-240.838558,1992.125
-239.301839,1992.09005
-236.998207,1992.05005
-236.706877,1992.01
-237.357064,1991.97005
-240.48163,1991.93005
-244.031615,1991.885
-246.884144,1991.84005
-251.501054,1991.80005
-258.121584,1991.75
-268.294993,1991.695
-273.38652,1991.64995
-274.624192,1991.605
-269.933967,1991.56005
-264.025364,1991.515
-261.717873,1991.465
-259.894647,1991.42005
-254.761639,1991.37505
-247.024986,1991.33
-241.908377,1991.285
-238.822398,1991.23495
-239.676131,1991.18995
-236.241906,1991.145
-233.010262,1991.1
-233.862065,1991.055
-240.526005,1991.00505
-250.282676,1990.95005
-259.326457,1990.89
-271.921187,1990.83
-286.443327,1990.76995
-295.030819,1990.705
-294.98355,1990.64005
-290.979252,1990.58
-283.475534,1990.51995
-274.191143,1990.46
-262.072722,1990.4001
-255.779592,1990.34005
-250.704768,1990.28
-245.530589,1990.21995
-239.312699,1990.16
-234.646871,1990.10005
-234.511825,1990.035
-240.215576,1989.98005
-248.265264,1989.93505
-256.608194,1989.89005
-262.579143,1989.85005
-267.33661,1989.80505
-271.276085,1989.76005
-270.972233,1989.72005
-271.480583,1989.68005
-273.660606,1989.63505
-276.721321,1989.59005
-278.464375,1989.55005
-280.121578,1989.50505
-281.665922,1989.46005
-279.968205,1989.42005
-275.1191,1989.37505
-268.05621,1989.33005
-260.79461,1989.29005
-252.906013,1989.24505
-246.294562,1989.20005
-242.548973,1989.16005
-241.479218,1989.11505
-246.748894,1989.07005
-251.689637,1989.03005
-258.32231,1988.98505
-261.897162,1988.93005
-262.90904,1988.87505
-258.762173,1988.82005
-256.337138,1988.76505
-257.267989,1988.71005
-260.243817,1988.65505
-264.15339,1988.60505
-263.566906,1988.55005
-258.671499,1988.49495
-253.770305,1988.445
-248.719596,1988.39005
-240.830999,1988.33495
-235.005706,1988.285
-230.018662,1988.23505
-224.691109,1988.18
-219.078032,1988.12505
-214.573293,1988.07505
-216.809264,1988.025
-223.295316,1987.97505
-235.889291,1987.92505
-250.226321,1987.875
-258.715871,1987.82505
-262.469177,1987.77505
-259.650581,1987.72
-252.844278,1987.66505
-249.069751,1987.61505
-245.791999,1987.565
-248.546931,1987.51505
-251.831435,1987.46505
-253.692172,1987.415
-257.43969,1987.36505
-261.43751,1987.31505
-264.507967,1987.265
-263.230217,1987.21505
-260.119258,1987.16505
-252.525086,1987.115
-242.899049,1987.06505
-234.836208,1987.01005
-231.741642,1986.93
-252.148754,1986.845
-246.690535,1986.78
-243.161663,1986.72
-240.918684,1986.66
-243.887064,1986.595
-247.0588,1986.53
-250.717173,1986.47
-252.446199,1986.41
-248.806037,1986.345
-245.288294,1986.28
-240.268149,1986.22
-236.486347,1986.16
-258.238284,1986.095
-257.160805,1986.03
-258.697604,1985.98
-259.883338,1985.935
-259.847928,1985.89
-261.004321,1985.85
-262.282121,1985.805
-265.578299,1985.76
-267.63411,1985.72
-271.672888,1985.675
-274.14755,1985.63
-274.207242,1985.59
-274.486476,1985.545
-276.041486,1985.5
-278.694211,1985.455
-277.913781,1985.41
-275.332799,1985.37
-270.47008,1985.325
-263.4065,1985.28
-255.737355,1985.24
-248.555493,1985.195
-243.111471,1985.15
-237.85751,1985.11
-236.587744,1985.065
-231.190227,1985.02
-234.15133,1984.98
-234.665908,1984.935
-239.715655,1984.89
-244.770457,1984.85
-250.022396,1984.805
-261.215749,1984.76
-269.814978,1984.72
-283.667156,1984.675
-286.654544,1984.63
-295.924039,1984.59
-296.389081,1984.545
-294.223604,1984.5
-289.270909,1984.455
-282.163858,1984.41
-276.240641,1984.37
-266.626409,1984.325
-256.348986,1984.28
-247.59508,1984.24
-240.971268,1984.195
-234.071464,1984.15
-230.683975,1984.11
-230.255474,1984.065
-227.564486,1984.02
-225.471384,1983.98
-224.131436,1983.94
-219.671998,1983.9
-218.785757,1983.865
-219.656875,1983.83
-224.924919,1983.79
-229.576929,1983.75
-238.547224,1983.71
-245.394169,1983.67
-256.13997,1983.635
-261.020851,1983.6
-264.382317,1983.56
-266.020704,1983.52
-271.711199,1983.48
-272.630712,1983.44
-266.595399,1983.4
-267.460468,1983.365
-264.684788,1983.33
-254.585267,1983.29
-230.057859,1983.25
-232.8043,1983.21
-229.825964,1983.17
-235.575946,1983.135
-235.825989,1983.1
-240.814751,1983.06
-242.019596,1983.02
-247.909723,1982.98
-252.722043,1982.945
-256.467648,1982.91
-260.658893,1982.875
-268.366874,1982.84
-277.148627,1982.805
-280.253644,1982.77
-287.496022,1982.73
-289.368367,1982.695
-290.630828,1982.66
-293.091711,1982.625
-291.544251,1982.59
-288.590113,1982.555
-285.967686,1982.52
-281.874239,1982.48
-273.961587,1982.445
-272.588366,1982.41
-265.695043,1982.375
-261.981702,1982.34
-259.408678,1982.305
-258.148381,1982.27
-254.817398,1982.23
-244.813261,1982.195
-252.468327,1982.16
-241.239338,1982.125
-244.892546,1982.09
-244.504252,1982.055
-240.746348,1982.02
-239.140319,1981.98
-239.625826,1981.935
-240.390248,1981.89
-243.372103,1981.85
-244.264941,1981.805
-246.016237,1981.76
-249.071905,1981.72
-253.336898,1981.675
-257.23788,1981.63
-258.22981,1981.59
-259.987173,1981.545
-259.602939,1981.5
-257.463365,1981.455
-256.837468,1981.41
-256.49368,1981.37
-259.918415,1981.325
-263.1753,1981.28
-265.488791,1981.24
-265.164215,1981.195
-264.071171,1981.15
-258.812227,1981.11
-253.818201,1981.065
-250.003166,1981.02
-248.641159,1980.98
-248.988992,1980.945
-249.605788,1980.91
-251.084076,1980.875
-254.07402,1980.84
-257.372362,1980.805
-261.803182,1980.77
-266.650592,1980.73
-270.69819,1980.695
-271.724498,1980.66
-267.549276,1980.625
-264.270371,1980.59
-258.996406,1980.555
-254.893189,1980.52
-254.111672,1980.48
-253.4097,1980.445
-256.109447,1980.41
-258.862784,1980.375
-260.407807,1980.34
-261.475572,1980.305
-260.314782,1980.27
-257.063964,1980.23
-254.18019,1980.195
-247.305442,1980.16
-242.224458,1980.125
-237.798694,1980.09
-235.462958,1980.055
-224.723629,1980.02
-229.417346,1979.98
-231.587254,1979.935
-234.657117,1979.89
-236.869777,1979.85
-240.125548,1979.805
-243.205937,1979.76
-245.801989,1979.72
-248.934381,1979.675
-251.394818,1979.63
-252.725472,1979.59
-254.126484,1979.545
-253.367857,1979.5
-252.877402,1979.455
-250.649447,1979.41
-249.214787,1979.37
-247.081661,1979.325
-246.362801,1979.28
-246.563674,1979.24
-246.36586,1979.195
-244.378545,1979.15
-242.66042,1979.11
-240.841348,1979.065
-238.099486,1979.02
-238.470641,1978.98
-240.523215,1978.945
-241.277762,1978.91
-244.755819,1978.87
-248.771235,1978.83
-253.321973,1978.795
-258.611963,1978.76
-263.443107,1978.72
-269.278614,1978.685
-271.396446,1978.65
-272.959583,1978.61
-272.915738,1978.575
-271.941963,1978.54
-268.548539,1978.5
-265.538506,1978.46
-258.764912,1978.425
-252.878421,1978.39
-247.623099,1978.35
-235.737956,1978.315
-237.497887,1978.28
-235.393311,1978.24
-235.577869,1978.205
-234.454205,1978.17
-233.690481,1978.13
-233.018525,1978.09
-231.355462,1978.055
-231.781679,1978.02
-233.230614,1977.98
-236.071384,1977.935
-240.26932,1977.89
-245.805048,1977.85
-252.04434,1977.805
-256.942781,1977.76
-262.786446,1977.72
-266.11259,1977.675
-266.018849,1977.63
-265.678527,1977.59
-263.126116,1977.545
-260.668465,1977.5
-259.489567,1977.455
-258.867003,1977.41
-256.765976,1977.37
-252.926661,1977.325
-250.367117,1977.28
-247.35720800000001,1977.24
-245.145118,1977.195
-242.740451,1977.15
-239.014237,1977.11
-236.52398,1977.065
-233.228771,1977.02
-232.758027,1976.985
-235.618154,1976.955
-243.104208,1976.925
-252.617926,1976.895
-262.931501,1976.865
-271.430368,1976.835
-277.817,1976.805
-283.219349,1976.775
-287.089232,1976.75
-287.268563,1976.725
-286.694907,1976.695
-282.967674,1976.665
-278.975519,1976.635
-274.66546,1976.605
-265.976054,1976.575
-276.350764,1976.545
-280.074941,1976.515
-279.985276,1976.485
-272.015232,1976.455
-273.37448,1976.425
-267.497311,1976.395
-260.888553,1976.365
-253.679647,1976.335
-247.785157,1976.305
-241.388336,1976.275
-237.290213,1976.25
-231.212316,1976.225
-225.803853,1976.195
-226.073869,1976.165
-227.624675,1976.135
-233.673023,1976.105
-239.152811,1976.075
-245.065642,1976.045
-246.612372,1976.015
-256.605376,1975.97
-264.522692,1975.91
-271.781333,1975.85
-275.226164,1975.79
-277.232683,1975.735
-276.73766,1975.68
-276.400191,1975.62
-273.182034,1975.56
-269.407866,1975.5
-265.92441,1975.44
-260.145755,1975.38
-253.747051,1975.32
-246.382696,1975.265
-240.834781,1975.21
-238.400326,1975.15
-239.283642,1975.09
-246.828929,1975.03
-255.990409,1974.975
-265.530018,1974.925
-270.996615,1974.88
-271.858585,1974.835
-266.477372,1974.785
-263.981928,1974.735
-262.619853,1974.69
-260.476109,1974.645
-255.545193,1974.595
-248.253009,1974.545
-255.395772,1974.5
-254.168888,1974.455
-253.94628,1974.405
-254.258337,1974.355
-255.130472,1974.31
-255.650907,1974.265
-254.671026,1974.215
-250.70881,1974.165
-245.671165,1974.12
-242.659352,1974.075
-239.811192,1974.025
-238.546698,1973.97
-241.474143,1973.915
-251.411194,1973.86
-259.248208,1973.805
-262.327011,1973.75
-265.531094,1973.695
-268.208785,1973.64
-270.198507,1973.585
-269.745282,1973.53
-268.567504,1973.47
-265.71401,1973.415
-263.69685,1973.36
-261.044564,1973.305
-257.426887,1973.25
-253.687265,1973.195
-247.924386,1973.14
-243.045603,1973.085
-238.693212,1973.03
-234.907861,1972.965
-234.697508,1972.9
-235.976905,1972.835
-241.574143,1972.765
-252.759473,1972.7
-257.435016,1972.635
-261.526244,1972.565
-262.630855,1972.5
-262.860516,1972.435
-264.053537,1972.365
-265.457927,1972.3
-265.104289,1972.235
-266.937517,1972.165
-267.663085,1972.1
-265.787177,1972.035
-263.209073,1971.98
-259.708259,1971.935
-258.479672,1971.89
-257.889258,1971.85
-259.974504,1971.805
-263.805584,1971.76
-266.736309,1971.72
-271.072441,1971.675
-273.796877,1971.63
-274.690118,1971.59
-272.973754,1971.545
-283.932471,1971.5
-286.243313,1971.455
-282.409185,1971.41
-281.655163,1971.37
-277.722463,1971.325
-274.204374,1971.28
-270.725916,1971.24
-269.79914,1971.195
-268.182364,1971.15
-265.094127,1971.11
-258.591454,1971.065
-252.820445,1971.02
-247.957921,1970.985
-245.818817,1970.95
-248.421309,1970.915
-254.184153,1970.88
-260.389147,1970.845
-262.167079,1970.81
-259.83881,1970.775
-257.403926,1970.74
-254.22883,1970.705
-253.099726,1970.675
-251.991945,1970.64
-252.855019,1970.605
-252.950465,1970.57
-250.72678,1970.535
-246.221535,1970.5
-239.947495,1970.465
-233.759763,1970.43
-228.623965,1970.395
-228.363012,1970.36
-231.514755,1970.325
-235.969232,1970.295
-239.131129,1970.26
-242.219918,1970.225
-242.785485,1970.19
-242.428071,1970.155
-240.686692,1970.12
-237.612118,1970.085
-236.322584,1970.05
-238.048732,1970.015
-242.192502,1969.985
-250.189644,1969.955
-259.78398,1969.925
-268.256319,1969.9
-272.313782,1969.875
-275.404602,1969.845
-276.367184,1969.815
-275.309156,1969.785
-272.951442,1969.755
-267.853213,1969.725
-256.099162,1969.7
-248.025867,1969.675
-241.444167,1969.645
-231.397986,1969.615
-234.750775,1969.585
-234.570037,1969.555
-235.207696,1969.525
-240.650139,1969.5
-246.555595,1969.475
-256.446422,1969.445
-264.894393,1969.415
-272.123906,1969.385
-277.344996,1969.355
-280.84806,1969.325
-283.608881,1969.3
-286.197088,1969.275
-288.342588,1969.245
-289.016801,1969.215
-288.774125,1969.185
-286.836069,1969.155
-284.155008,1969.125
-279.67912,1969.1
-273.783428,1969.075
-266.561435,1969.045
-257.311877,1969.015
-252.413199,1968.965
-247.54501,1968.9
-248.844887,1968.835
-252.960997,1968.765
-257.528354,1968.7
-258.639195,1968.635
-258.356657,1968.565
-254.76802,1968.5
-251.056407,1968.435
-244.981843,1968.365
-240.859635,1968.3
-233.88969,1968.235
-236.845158,1968.165
-239.721353,1968.1
-242.77947,1968.035
-247.16084,1967.975
-251.955853,1967.92
-259.460384,1967.865
-265.309325,1967.815
-269.540279,1967.765
-272.828085,1967.71
-272.869754,1967.655
-271.136923,1967.605
-263.729958,1967.555
-259.548804,1967.5
-255.390009,1967.445
-252.727242,1967.395
-250.629551,1967.345
-246.541899,1967.29
-241.273279,1967.235
-233.725046,1967.185
-224.164493,1967.135
-218.981244,1967.08
-211.105755,1967.025
-219.824792,1966.975
-226.933974,1966.93
-234.370411,1966.885
-241.799734,1966.84
-246.304079,1966.795
-249.096936,1966.75
-251.962967,1966.705
-253.214061,1966.66
-255.34021,1966.615
-257.536484,1966.57
-258.666636,1966.525
-259.700237,1966.475
-261.299929,1966.43
-261.955458,1966.385
-262.164821,1966.34
-260.976741,1966.295
-257.688774,1966.25
-252.617711,1966.205
-249.948143,1966.16
-248.581372,1966.115
-247.097827,1966.07
-247.991407,1966.025
-249.450581,1965.98
-253.033023,1965.935
-258.745838,1965.89
-264.351018,1965.85
-268.865625,1965.805
-272.211471,1965.76
-274.479944,1965.72
-274.578441,1965.675
-273.511223,1965.63
-270.932028,1965.59
-264.303293,1965.545
-259.079915,1965.5
-252.09578,1965.455
-243.239189,1965.41
-234.860866,1965.37
-228.933795,1965.325
-225.56764,1965.28
-227.07454,1965.24
-231.333258,1965.195
-238.210774,1965.15
-248.308221,1965.11
-256.295603,1965.065
-263.439161,1965.02
-268.660508,1964.97
-271.292506,1964.91
-272.283567,1964.85
-270.825407,1964.79
-258.795594,1964.735
-262.820764,1964.68
-258.650388,1964.62
-255.923955,1964.56
-252.082579,1964.5
-247.627882,1964.44
-259.773455,1964.38
-262.692819,1964.32
-261.177796,1964.265
-258.234061,1964.21
-252.931479,1964.15
-241.539357,1964.09
-252.930464,1964.03
-253.482859,1963.985
-251.597203,1963.955
NA,1963.925
NA,1963.895
NA,1963.865
NA,1963.835
-252.877662,1963.805
-256.398161,1963.775
-260.026297,1963.75
-265.277092,1963.725
-267.350602,1963.695
NA,1963.665
NA,1963.635
NA,1963.605
-280.810911,1963.575
-280.543823,1963.545
-269.924255,1963.515
-275.082215,1963.485
-274.16213,1963.455
-265.178607,1963.425
-262.059865,1963.395
-257.700125,1963.365
-255.479125,1963.335
-253.356633,1963.305
-252.117667,1963.275
-252.523885,1963.25
-251.8912,1963.225
-251.065561,1963.195
-251.66778,1963.165
-248.441389,1963.135
-247.187189,1963.105
-246.230545,1963.075
NA,1963.045
NA,1963.015
-243.316943,1962.985
-245.644575,1962.955
-246.654028,1962.92
-248.453576,1962.885
NA,1962.855
-251.88206,1962.825
-253.985256,1962.79
-257.08775,1962.755
-259.425538,1962.725
-263.051038,1962.695
-265.439603,1962.665
-268.299381,1962.63
-271.107367,1962.595
-271.077916,1962.565
-274.372348,1962.535
-273.825984,1962.5
-271.555222,1962.465
-273.221734,1962.435
-274.86895,1962.405
-274.650608,1962.37
-229.229285,1962.335
-247.646216,1962.305
-247.250153,1962.275
-250.342492,1962.245
-246.219374,1962.21
-241.601685,1962.175
-238.713471,1962.145
-238.464662,1962.115
-239.380685,1962.08
-241.906349,1962.045
-245.982752,1962.015
-248.478964,1961.985
-252.617315,1961.955
-252.184693,1961.925
NA,1961.895
-250.621767,1961.86
-238.32147,1961.825
-239.212104,1961.795
-249.486782,1961.765
-252.029187,1961.735
-250.860918,1961.705
-246.641154,1961.675
-254.636495,1961.645
-250.91061,1961.61
-255.182093,1961.575
-256.451774,1961.545
-255.789552,1961.515
-254.870758,1961.485
-247.820579,1961.455
-265.000826,1961.425
-265.405461,1961.395
-264.565767,1961.36
-260.606634,1961.325
-263.356934,1961.295
-262.03756,1961.265
-258.589544,1961.235
-254.840334,1961.205
-250.335602,1961.175
-243.178941,1961.145
-240.155842,1961.11
-234.695807,1961.075
-230.368547,1961.045
-218.635151,1961.015
-222.810293,1960.985
-220.454487,1960.955
-219.072238,1960.925
-219.823702,1960.895
-220.525475,1960.865
-223.66317,1960.835
-226.968195,1960.805
-231.142322,1960.775
-235.721085,1960.745
-241.068552,1960.715
-242.088759,1960.685
NA,1960.655
NA,1960.625
-252.294887,1960.595
-251.316259,1960.565
-252.747185,1960.535
-255.994405,1960.5
-255.895021,1960.465
-234.61772,1960.435
-252.727917,1960.405
-253.908355,1960.375
-252.420638,1960.345
-250.087142,1960.315
-248.122787,1960.285
-244.942499,1960.255
-242.539029,1960.225
-238.943966,1960.195
-237.792937,1960.165
-237.249367,1960.135
-237.522166,1960.105
-238.06675,1960.075
-238.273812,1960.045
-240.789014,1960.015
-245.178448,1959.98
-250.779843,1959.94
-257.349794,1959.9
-263.527252,1959.855
-269.646901,1959.81
-273.385221,1959.77
-274.656007,1959.73
-274.921726,1959.69
-273.866964,1959.65
-272.953174,1959.605
-270.62357,1959.56
-266.208782,1959.52
-265.599251,1959.48
-262.611435,1959.44
-260.069863,1959.4
-256.638844,1959.355
-254.672321,1959.31
-252.559754,1959.27
-249.532384,1959.23
-247.401562,1959.19
-244.848834,1959.15
-243.525311,1959.105
-243.872165,1959.06
-241.932011,1959.02
-247.02631,1958.97
-249.344758,1958.91
-259.149989,1958.85
-263.465386,1958.79
-280.555575,1958.735
-285.363871,1958.68
-286.126545,1958.62
-279.895335,1958.56
-279.29696,1958.5
-272.000846,1958.44
-264.616497,1958.38
-257.030774,1958.32
-247.14048,1958.265
-241.014878,1958.21
-234.884213,1958.15
-231.758616,1958.09
-230.377115,1958.03
-230.745785,1957.975
-235.371384,1957.93
-241.372408,1957.885
-247.323802,1957.84
-251.971684,1957.795
-255.773851,1957.75
-257.010518,1957.705
-257.503767,1957.66
-258.108427,1957.615
-260.044959,1957.57
-262.879873,1957.525
-266.621271,1957.475
-269.97678,1957.43
-273.234044,1957.385
-274.089886,1957.34
-274.151669,1957.295
-274.733034,1957.25
-272.268816,1957.205
-271.013919,1957.16
-269.18981,1957.115
-268.436264,1957.07
-267.16111,1957.025
-266.66381,1956.97
-265.488926,1956.915
-263.763062,1956.86
-261.398102,1956.805
-262.060493,1956.75
-259.878855,1956.695
-258.508495,1956.64
-258.419366,1956.585
-258.724228,1956.53
-254.576685,1956.47
-251.711386,1956.415
-247.403816,1956.36
-247.601318,1956.305
-243.913601,1956.25
-241.825143,1956.195
-240.901441,1956.14
-242.734665,1956.085
-245.847095,1956.03
-250.95784,1955.97
-255.182358,1955.915
-260.302218,1955.86
-265.067588,1955.805
-268.086837,1955.75
-270.461926,1955.695
-272.075366,1955.64
-271.252947,1955.585
-268.83937100000003,1955.53
-264.145924,1955.47
-257.694375,1955.415
-251.781046,1955.36
-246.888512,1955.305
-244.057802,1955.25
-242.109287,1955.195
-242.545325,1955.14
-242.489682,1955.085
-243.672348,1955.03
-245.555104,1954.96
-247.373111,1954.885
-251.998559,1954.81
-257.187519,1954.73
-262.413911,1954.655
-270.288908,1954.58
-277.80779,1954.5
-281.580383,1954.42
-280.658733,1954.345
-276.026203,1954.27
-269.953026,1954.19
-260.999568,1954.115
-253.737655,1954.04
-247.994289,1953.98
-243.440671,1953.94
-242.059714,1953.9
-242.702137,1953.865
-244.248,1953.83
-247.233498,1953.79
-249.220458,1953.75
-253.134687,1953.71
-256.721129,1953.67
-261.029918,1953.635
-265.183919,1953.6
-269.920652,1953.56
-273.862198,1953.52
-274.995291,1953.48
-275.001361,1953.44
-273.639626,1953.4
-267.799138,1953.365
-261.756312,1953.33
-260.122432,1953.29
-255.754965,1953.25
-251.484621,1953.21
-248.631654,1953.17
-245.117042,1953.135
-243.668302,1953.1
-243.550946,1953.06
-245.513625,1953.02
-249.366141,1952.97
-255.212699,1952.915
-260.482594,1952.86
-267.039359,1952.805
-272.135242,1952.75
-273.15705,1952.695
-273.794414,1952.64
-274.562987,1952.585
-273.230649,1952.53
-271.506209,1952.47
-268.394719,1952.415
-266.086685,1952.36
-262.843481,1952.305
-259.314559,1952.25
-256.156462,1952.195
-252.62754,1952.14
-236.379099,1952.085
-227.010181,1952.03
-225.49547,1951.975
-225.832861,1951.925
-226.824768,1951.88
-231.395244,1951.835
-237.089341,1951.785
-245.514985,1951.735
-254.725846,1951.69
-263.790808,1951.645
-272.971274,1951.595
-279.90247,1951.545
-285.300717,1951.5
-288.178162,1951.455
-287.158898,1951.405
-283.813362,1951.355
-274.950023,1951.31
-267.81923,1951.265
-259.933615,1951.215
-254.615409,1951.165
-250.201976,1951.12
-247.83923,1951.075
-247.092513,1951.025
-246.618343,1950.975
-247.801742,1950.93
-248.221201,1950.885
-249.29315,1950.84
-250.81698,1950.795
-249.668028,1950.75
-251.195911,1950.705
-250.315453,1950.66
-256.583013,1950.615
-258.563789,1950.57
-257.736017,1950.525
-255.709648,1950.475
-252.535341,1950.43
-250.85852,1950.385
-249.923351,1950.34
-248.549472,1950.295
-247.895968,1950.25
-246.962825,1950.205
-243.634514,1950.16
-243.141093,1950.115
-240.990102,1950.07
-241.009353,1950.025
-242.434903,1949.975
-242.689904,1949.92
-245.403387,1949.865
-248.020969,1949.815
-249.349446,1949.765
-250.386182,1949.71
-251.557179,1949.655
-252.19618,1949.605
-251.821663,1949.555
-251.075657,1949.5
-250.483092,1949.445
-249.874375,1949.395
-249.358531,1949.345
-250.077281,1949.29
-249.407995,1949.235
-250.50631,1949.185
-252.237569,1949.135
-252.534356,1949.08
-253.668002,1949.025
-256.78023,1948.975
-258.505432,1948.92
-259.955046,1948.865
-263.008724,1948.815
-265.730283,1948.765
-268.209567,1948.71
-268.897023,1948.655
-269.676341,1948.605
-268.55178,1948.555
-266.59137,1948.5
-264.116124,1948.445
-258.78203,1948.395
-255.531503,1948.345
-254.572497,1948.29
-253.367177,1948.235
-252.411199,1948.185
-249.641185,1948.135
-251.975104,1948.08
-254.33325,1948.025
-255.624375,1947.975
-255.981731,1947.93
-260.361866,1947.885
-266.31881,1947.84
-271.012893,1947.795
-273.887893,1947.75
-276.360111,1947.705
-277.543222,1947.66
-278.948418,1947.615
-280.77154,1947.57
-279.543002,1947.525
-277.921777,1947.475
-271.257188,1947.43
-265.01759,1947.385
-256.575306,1947.34
-248.269302,1947.295
-239.191045,1947.25
-232.951447,1947.205
-228.379383,1947.16
-227.722123,1947.115
-229.364263,1947.07
-234.518196,1947.025
-241.233376,1946.975
-250.056846,1946.925
-258.986488,1946.88
-265.165748,1946.835
-269.781739,1946.785
-271.179176,1946.735
-268.888876,1946.69
-264.9079,1946.645
-260.864231,1946.595
-255.458516,1946.545
-246.847392,1946.5
-243.675352,1946.455
-242.451836,1946.405
-241.584252,1946.355
-236.499079,1946.31
-232.730448,1946.265
-227.807061,1946.215
-225.031399,1946.165
-223.73508,1946.12
-223.62284,1946.075
-225.954598,1946.025
-228.969907,1945.975
-235.10872,1945.925
-241.11507,1945.875
-245.944418,1945.825
-251.1843,1945.775
-255.3665,1945.725
-258.53854,1945.675
-259.258493,1945.625
-261.208029,1945.575
-260.924901,1945.525
-259.239281,1945.475
-255.475706,1945.425
-251.604947,1945.375
-247.085017,1945.325
-239.629661,1945.275
-227.078008,1945.225
-224.206285,1945.175
-220.590341,1945.125
-219.960382,1945.075
-218.927977,1945.025
-221.429612,1944.975
-224.423686,1944.93
-226.959701,1944.885
-231.682876,1944.84
-236.22404,1944.795
-238.684217,1944.75
-241.975575,1944.705
-243.28504,1944.66
-245.137504,1944.615
-245.642078,1944.57
-245.607537,1944.525
-225.734236,1944.475
-240.833612,1944.43
-238.834941,1944.385
-238.804566,1944.34
-237.526795,1944.295
-234.487277,1944.25
-236.931446,1944.205
-237.982418,1944.16
-240.252438,1944.115
-243.475218,1944.07
-247.612283,1944.025
-252.346721,1943.975
-258.05417,1943.92
-263.420407,1943.865
-268.510232,1943.815
-273.715481,1943.765
-276.800561,1943.71
-280.176228,1943.655
-282.538385,1943.605
-284.874217,1943.555
-285.680165,1943.5
-285.457415,1943.445
-282.918072,1943.395
-282.103011,1943.345
-277.60246,1943.29
-270.033028,1943.235
-267.494697,1943.185
-263.312069,1943.135
-259.725803,1943.08
-256.572886,1943.025
-254.763553,1942.965
-255.303214,1942.9
-255.352826,1942.835
-255.007565,1942.765
-257.802058,1942.7
-261.634361,1942.635
-265.24189,1942.565
-266.285775,1942.5
-268.09207,1942.435
-273.814706,1942.365
-276.845111,1942.3
-280.181291,1942.235
-280.677415,1942.165
-281.789137,1942.1
-279.187018,1942.035
-279.996004,1941.98
-278.174521,1941.935
-272.122823,1941.89
-269.738391,1941.85
-264.308367,1941.805
-259.591141,1941.76
-253.312644,1941.72
-249.400353,1941.675
-244.074616,1941.63
-236.466516,1941.59
-236.286488,1941.545
-233.619452,1941.5
-232.803261,1941.455
-231.243697,1941.41
-230.338503,1941.37
-230.49628,1941.325
-230.442676,1941.28
-230.245455,1941.24
-231.230549,1941.195
-230.717774,1941.15
-229.81966,1941.11
-227.54302,1941.065
-226.499266,1941.02
-224.439064,1940.99
-224.762709,1940.965
-225.328076,1940.94
-227.001927,1940.92
-230.703615,1940.9
-234.980784,1940.875
-239.197269,1940.85
-243.685819,1940.83
-247.840609,1940.81
-250.340766,1940.785
-250.711946,1940.76
-250.672502,1940.74
-250.659354,1940.715
-251.298552,1940.69
-248.978423,1940.67
-245.623642,1940.65
-244.226912,1940.625
-241.027885,1940.6
-238.181833,1940.58
-234.958533,1940.56
-230.655068,1940.535
-228.682857,1940.51
-225.219857,1940.49
-223.816048,1940.465
-218.836974,1940.44
-218.055169,1940.42
-220.497677,1940.4
NA,1940.375
NA,1940.35
NA,1940.33
-220.622078,1940.31
-222.165459,1940.285
-224.844632,1940.26
-226.846173,1940.24
-229.460616,1940.215
-231.672526,1940.19
-233.871289,1940.17
-235.565367,1940.15
-236.898379,1940.125
-237.462735,1940.1
-237.245286,1940.08
-238.484239,1940.06
-237.592193,1940.035
-238.347701,1940.01
-238.183427,1939.975
-239.382121,1939.92
-240.267497,1939.865
-233.106664,1939.815
-246.370124,1939.765
-251.038562,1939.71
-252.44344,1939.655
-254.51235,1939.605
-255.306763,1939.555
-255.665562,1939.5
-256.260866,1939.445
-257.074483,1939.395
-258.118539,1939.345
-258.845235,1939.29
-259.533524,1939.235
-258.984712,1939.185
-258.016458,1939.135
-256.636848,1939.08
-254.607356,1939.025
-252.50105,1938.975
-251.329645,1938.93
-249.812579,1938.885
-253.387437,1938.84
-254.410269,1938.795
-257.18566,1938.75
-257.436314,1938.705
-255.506882,1938.66
-254.478997,1938.615
-251.291238,1938.57
-247.592064,1938.525
-242.400081,1938.475
-239.947104,1938.43
-237.439549,1938.385
-234.124442,1938.34
-233.155178,1938.295
-231.677529,1938.25
-226.665452,1938.205
-223.471629,1938.16
-223.354387,1938.115
-225.519314,1938.07
-232.54067,1938.025
-237.404174,1937.975
-244.029335,1937.93
-250.878871,1937.885
-258.828053,1937.84
-266.673132,1937.795
-270.92314,1937.75
-274.364585,1937.705
-275.16304,1937.66
-274.151326,1937.615
-269.774981,1937.57
-266.237519,1937.525
-262.786978,1937.475
-259.170681,1937.43
-257.480785,1937.385
-253.773102,1937.34
-254.395213,1937.295
-252.190097,1937.25
-250.160423,1937.205
-248.416093,1937.16
-247.171872,1937.115
-244.196427,1937.07
-242.100207,1937.025
-238.038841,1936.975
-238.806145,1936.925
-241.231066,1936.88
-244.9234,1936.835
-250.710946,1936.785
-257.99176,1936.735
-265.094107,1936.69
-273.451767,1936.645
-279.896714,1936.595
-282.283321,1936.545
-284.784872,1936.5
-286.664312,1936.455
-286.275114,1936.405
-284.114363,1936.355
-280.631753,1936.31
-277.441544,1936.265
-269.66768,1936.215
-265.649671,1936.165
-261.777863,1936.12
-258.032091,1936.075
-256.263562,1936.025
-255.889489,1935.97
-257.55114,1935.91
-259.446712,1935.85
-263.539334,1935.79
-265.59724,1935.735
-267.27704,1935.68
-268.921551,1935.62
-268.981039,1935.56
-263.660328,1935.5
-260.0416,1935.44
-256.086104,1935.38
-253.982825,1935.32
-248.081343,1935.265
-241.389367,1935.21
-236.401389,1935.15
-231.779419,1935.09
-229.225437,1935.03
-228.73642,1934.975
-229.051004,1934.925
-231.676574,1934.88
-235.747013,1934.835
-239.226599,1934.785
-244.673345,1934.735
-249.638132,1934.69
-254.545447,1934.645
-259.017184,1934.595
-263.275935,1934.545
-268.574036,1934.5
-273.211639,1934.455
-276.326568,1934.405
-278.841502,1934.355
-279.329565,1934.31
-278.595454,1934.265
-276.938663,1934.215
-273.768273,1934.165
-270.936703,1934.12
-268.064797,1934.075
-265.958262,1934.025
-264.001978,1933.98
-263.600637,1933.94
-264.482982,1933.9
-266.356578,1933.855
-268.453029,1933.81
-270.873174,1933.77
-272.52694,1933.73
-269.298063,1933.69
-269.682261,1933.65
-267.571692,1933.605
-265.827171,1933.56
-261.933762,1933.52
-261.908552,1933.48
-254.775174,1933.44
-253.048804,1933.4
-249.560769,1933.355
-242.412265,1933.31
-238.279867,1933.27
-231.890684,1933.23
-225.360325,1933.19
-224.535459,1933.15
-223.281017,1933.105
-222.586233,1933.06
-223.622862,1933.02
-223.052111,1932.97
-225.167722,1932.91
-230.618091,1932.85
-235.267795,1932.79
-242.127898,1932.735
-246.159457,1932.68
-250.151688,1932.62
-254.443413,1932.56
-257.691449,1932.5
-259.752606,1932.44
-261.013099,1932.38
-260.087393,1932.32
-258.618163,1932.265
-256.000373,1932.21
-254.115685,1932.15
-254.022912,1932.09
-254.936517,1932.03
-257.084396,1931.975
-258.255141,1931.925
-259.122473,1931.88
-260.306975,1931.835
-259.748553,1931.785
-259.389062,1931.735
-257.493656,1931.69
-255.869887,1931.645
-255.320553,1931.595
-255.216543,1931.545
-255.040837,1931.5
-254.60561,1931.455
-254.488473,1931.405
-254.329933,1931.355
-254.915621,1931.31
-254.269345,1931.265
-253.277715,1931.215
-252.477949,1931.165
-250.925877,1931.12
-250.048355,1931.075
-249.234451,1931.025
-249.960502,1930.97
-251.799359,1930.915
-254.779297,1930.86
-254.842915,1930.805
-258.810443,1930.75
-258.240912,1930.695
-256.852429,1930.64
-254.260256,1930.585
-249.289991,1930.53
-246.591789,1930.47
-242.257701,1930.415
-237.243004,1930.36
-231.936472,1930.305
-228.40821,1930.25
-226.174519,1930.195
-225.324262,1930.14
-225.835224,1930.085
-224.182171,1930.03
-225.640331,1929.97
-230.884255,1929.91
-233.603662,1929.85
-244.392431,1929.79
-250.630003,1929.735
-256.569683,1929.68
-261.598517,1929.62
-266.364802,1929.56
-269.785016,1929.5
-271.797559,1929.44
-273.140601,1929.38
-272.270149,1929.32
-271.259333,1929.265
-269.24275,1929.21
-268.755013,1929.15
-267.10398,1929.09
-267.312,1929.03
-271.681432,1928.97
-276.08307,1928.91
-280.028176,1928.845
-271.055472,1928.78
-287.062346,1928.72
-272.785835,1928.66
-282.330249,1928.595
-279.064494,1928.53
-272.146088,1928.47
-266.861575,1928.41
-259.142978,1928.345
-245.184309,1928.28
-248.931399,1928.22
-246.161193,1928.16
-245.019803,1928.095
-246.25157,1928.03
-248.411477,1927.97
-251.051703,1927.915
-253.808707,1927.86
-255.753335,1927.805
-255.339022,1927.75
-254.365185,1927.695
-251.503587,1927.64
-249.752915,1927.585
-247.334062,1927.53
-244.918256,1927.47
-242.457769,1927.415
-239.240756,1927.36
-236.243085,1927.305
-232.832117,1927.25
-231.514035,1927.195
-229.195714,1927.14
-228.63822,1927.085
-228.494023,1927.03
-230.153303,1926.975
-231.187053,1926.925
-230.562538,1926.88
-230.944356,1926.835
-236.623886,1926.785
-239.686548,1926.735
-238.379636,1926.69
-248.398276,1926.645
-254.944004,1926.595
-260.144233,1926.545
-261.30187,1926.5
-265.937496,1926.455
-270.547736,1926.405
-272.252712,1926.355
-271.134678,1926.31
-272.642653,1926.265
-272.471039,1926.215
-251.649815,1926.165
-257.4248,1926.12
-252.443914,1926.075
-250.827283,1926.025
-228.515348,1925.98
-247.917857,1925.94
-248.471714,1925.9
-248.708215,1925.86
-248.857797,1925.82
-249.555172,1925.78
-248.583901,1925.74
-249.719914,1925.7
-248.14324,1925.66
-245.284002,1925.62
-248.470703,1925.58
-246.680774,1925.54
-247.105263,1925.5
-249.176164,1925.46
-248.630392,1925.42
-243.707328,1925.38
-243.585035,1925.34
-225.336042,1925.3
-236.531439,1925.26
-235.443938,1925.22
-233.951151,1925.18
-231.08686,1925.14
-232.666566,1925.1
-230.578483,1925.06
-240.347799,1925.02
-244.308688,1924.98
-251.846403,1924.945
-258.620038,1924.91
-263.709866,1924.87
-266.361913,1924.83
-267.717246,1924.795
-259.246665,1924.76
-268.69155,1924.72
-269.444513,1924.685
-272.46445,1924.65
-273.401359,1924.61
-269.362647,1924.575
-259.595353,1924.54
-251.87167,1924.5
-249.011422,1924.46
-244.481516,1924.425
-243.663868,1924.39
-241.343328,1924.35
-233.614592,1924.315
-234.21393,1924.28
-233.932959,1924.24
-230.213625,1924.205
-234.869867,1924.17
-235.547028,1924.13
-241.463599,1924.09
-249.232763,1924.055
-253.580745,1924.02
NA,1923.98
NA,1923.935
NA,1923.89
NA,1923.85
NA,1923.805
NA,1923.76
-269.409139,1923.72
-271.577066,1923.675
-271.023208,1923.63
-267.953747,1923.59
-267.436142,1923.545
-266.246055,1923.5
-265.048909,1923.455
-263.912275,1923.41
-258.724305,1923.37
-258.472168,1923.325
-257.306286,1923.28
-257.733911,1923.24
-252.884812,1923.195
-246.264704,1923.15
-241.124135,1923.11
-241.324836,1923.065
-237.064729,1923.02
-237.934098,1922.975
-239.210919,1922.93
-243.17653,1922.885
-243.963197,1922.84
-251.193477,1922.795
-257.973945,1922.75
-259.662254,1922.705
-266.696876,1922.66
-272.352813,1922.615
-274.222661,1922.57
-270.437581,1922.525
-271.331154,1922.475
-273.390609,1922.43
-271.102214,1922.385
-264.127096,1922.34
-259.924477,1922.295
-212.656861,1922.25
-251.328623,1922.205
-246.858738,1922.16
-243.606171,1922.115
-218.429789,1922.07
-243.840154,1922.025
-243.322769,1921.975
-241.531588,1921.925
-250.645836,1921.88
-255.24078,1921.835
-257.578594,1921.785
-266.023166,1921.735
-267.474467,1921.69
-266.535509,1921.645
-262.141265,1921.595
-257.495893,1921.545
-247.268209,1921.5
-249.001903,1921.455
-246.413969,1921.405
-239.239159,1921.355
-237.736422,1921.31
-232.839922,1921.265
-231.523767,1921.215
-228.072516,1921.165
-229.114346,1921.12
-228.755303,1921.075
-227.555502,1921.025
-223.499937,1920.98
-230.840108,1920.94
-232.556696,1920.9
-233.83962,1920.855
-239.07973,1920.81
-239.451156,1920.77
-243.085102,1920.73
-248.200735,1920.69
-247.827302,1920.65
-255.365232,1920.605
-243.842007,1920.56
-255.374266,1920.52
-259.278249,1920.48
-258.612695,1920.44
-255.652334,1920.4
-251.767424,1920.355
-252.057537,1920.31
-241.896541,1920.27
-246.455036,1920.23
-243.218615,1920.19
-240.757168,1920.15
-238.649078,1920.105
-236.576122,1920.06
-238.41518,1920.02
-237.918273,1919.975
-242.457694,1919.93
-244.961303,1919.885
-247.426765,1919.84
-249.734622,1919.795
-257.99131,1919.75
-261.388347,1919.705
-264.867701,1919.66
-267.702581,1919.615
-267.408452,1919.57
-265.869546,1919.525
-264.308555,1919.475
-261.900312,1919.43
-259.261184,1919.385
-258.181038,1919.34
-258.26737,1919.295
-254.027096,1919.25
-251.151058,1919.205
-245.651954,1919.16
-245.366859,1919.115
-244.755513,1919.07
-245.055665,1919.025
-248.374402,1918.975
-255.175504,1918.925
-259.909673,1918.875
-265.356577,1918.825
-272.396595,1918.775
-272.08239,1918.725
-277.8174,1918.675
-278.065351,1918.625
-275.713991,1918.575
-271.579321,1918.525
-265.871263,1918.475
-258.64917,1918.425
-248.375872,1918.375
-243.709027,1918.325
-238.736356,1918.275
-234.252603,1918.225
-234.170111,1918.175
-234.521205,1918.125
-236.820927,1918.075
-240.438512,1918.025
-245.858854,1917.945
-250.336571,1917.835
-255.776027,1917.725
-258.849365,1917.615
-260.867406,1917.5
-254.45414,1917.385
-259.289994,1917.275
-259.48717,1917.165
-256.04966,1917.055
-253.679518,1916.98
-251.757047,1916.94
-251.030713,1916.9
-250.252067,1916.865
-249.468391,1916.83
-241.420371,1916.79
-246.102307,1916.75
-247.56101,1916.71
-246.119409,1916.67
-246.485594,1916.635
-247.008715,1916.6
-249.966362,1916.56
-253.909892,1916.52
-257.602928,1916.48
-260.527377,1916.44
-263.851209,1916.4
-268.887258,1916.365
-270.367088,1916.33
-270.803693,1916.29
-269.612586,1916.25
-268.01606,1916.21
-263.519229,1916.17
-261.83518,1916.135
-254.661376,1916.1
-253.81231,1916.06
-253.228032,1916.02
-253.968057,1915.975
-261.5875,1915.92
-266.598757,1915.865
-271.958912,1915.815
-276.263324,1915.765
-276.954081,1915.71
-277.567417,1915.655
-279.312911,1915.605
-276.121553,1915.555
-269.165719,1915.5
-265.704895,1915.445
-258.443399,1915.395
-252.93343,1915.345
-240.544043,1915.29
-233.736013,1915.235
-230.64821800000001,1915.185
-229.507011,1915.135
-226.645446,1915.08
-228.96808,1915.025
-233.099551,1914.97
-237.173711,1914.915
-243.701215,1914.86
-247.568248,1914.805
-254.157086,1914.75
-253.682504,1914.695
-261.527172,1914.64
-263.093693,1914.585
-242.80132,1914.53
-266.785774,1914.47
-264.710487,1914.415
-262.515548,1914.36
-261.358254,1914.305
-259.509196,1914.25
-257.774762,1914.195
-251.484549,1914.14
-250.587671,1914.085
-249.419316,1914.03
-250.013548,1913.97
-253.574919,1913.915
-261.469861,1913.86
-246.919721,1913.805
-262.385843,1913.75
-272.854785,1913.695
-278.166677,1913.64
-277.241645,1913.585
-282.830041,1913.53
-281.881884,1913.47
-232.391701,1913.415
-281.755195,1913.36
-277.151153,1913.305
-270.773464,1913.25
-265.890907,1913.195
-256.184111,1913.14
-253.827292,1913.085
-256.089259,1913.03
-241.481373,1912.97
-238.862257,1912.915
-242.782378,1912.86
-244.322857,1912.805
-246.328197,1912.75
-249.600331,1912.695
-251.964881,1912.64
-252.709463,1912.585
-255.392975,1912.53
-258.499088,1912.47
-257.092432,1912.415
-256.330745,1912.36
-250.48578,1912.305
-247.803273,1912.25
-240.295073,1912.195
-230.924413,1912.14
-225.675112,1912.085
-227.385638,1912.03
-228.697711,1911.97
-231.866208,1911.915
-237.533078,1911.86
-244.555288,1911.805
-250.265424,1911.75
-256.899243,1911.695
-262.695912,1911.64
-267.400863,1911.585
-267.545754,1911.53
-271.010071,1911.47
-266.011313,1911.415
-266.371529,1911.36
-263.700091,1911.305
-259.049474,1911.25
-256.50381,1911.195
-253.54762,1911.14
-248.986554,1911.085
-251.350098,1911.03
-248.612251,1910.98
-245.815039,1910.94
-242.957456,1910.9
-261.177569,1910.86
-266.497303,1910.82
-269.704035,1910.78
-271.33809,1910.74
-271.63391,1910.7
-271.083523,1910.66
-269.286466,1910.62
-265.949935,1910.58
-259.451951,1910.54
-255.415111,1910.5
-249.319604,1910.46
-244.173941,1910.42
-242.754205,1910.38
-240.622085,1910.34
-238.521158,1910.3
-237.099866,1910.26
-237.490506,1910.22
-237.57285100000001,1910.18
-238.389277,1910.14
-240.118533,1910.1
-241.946203,1910.06
-244.164511,1910.02
-247.564779,1909.975
-251.299451,1909.92
-255.576397,1909.865
-259.448646,1909.815
-264.539006,1909.765
-267.886051,1909.71
-269.544008,1909.655
-271.269248,1909.605
-270.096326,1909.555
-267.470307,1909.5
-263.517721,1909.445
-256.998364,1909.395
-254.656538,1909.345
-248.737701,1909.29
-243.928521,1909.235
-239.148463,1909.185
-237.092837,1909.135
-231.011318,1909.08
-231.890005,1909.025
-234.470835,1908.975
-236.915091,1908.93
-243.226575,1908.885
-245.21291,1908.84
-253.984719,1908.795
-258.978674,1908.75
-262.388984,1908.705
-267.052554,1908.66
-267.76655,1908.615
-268.315855,1908.57
-267.867975,1908.525
-263.688437,1908.475
-255.782261,1908.43
-248.207476,1908.385
-259.580198,1908.34
-256.474165,1908.295
-253.183356,1908.25
-249.561156,1908.205
-245.809413,1908.16
-243.080964,1908.115
-242.280606,1908.07
-241.293464,1908.025
-241.452129,1907.975
-243.285824,1907.92
-245.459947,1907.865
-248.082954,1907.815
-247.327785,1907.765
-253.678433,1907.71
-256.53743,1907.655
-258.770165,1907.605
-260.659038,1907.555
-262.910229,1907.5
-263.818534,1907.445
-265.11726,1907.395
-265.558867,1907.345
-265.529761,1907.29
-265.646185,1907.235
-262.538878,1907.185
-263.062784,1907.135
-261.206028,1907.08
-259.731663,1907.025
-259.074271,1906.97
-260.65502300000003,1906.915
-262.598094,1906.86
-265.54582,1906.805
-273.629233,1906.75
-281.358357,1906.695
-279.276783,1906.64
-275.665643,1906.585
-282.310823,1906.53
-284.702526,1906.47
-284.704533,1906.415
-285.186286,1906.36
-285.173239,1906.305
-284.615208,1906.25
-284.342215,1906.195
-282.881901,1906.14
-281.373412,1906.085
-278.986728,1906.03
-277.386906,1905.955
-277.359808,1905.865
-277.74521,1905.775
-279.113188,1905.685
-281.833085,1905.595
-282.572776,1905.5
-283.014383,1905.405
-282.251608,1905.315
-279.558809,1905.225
-275.881428,1905.135
-268.263709,1905.045
-267.803033,1904.975
-264.170816,1904.92
-266.932867,1904.865
-269.647745,1904.815
-265.25175,1904.765
-270.978588,1904.71
-265.606039,1904.655
-267.632412,1904.605
-263.42711,1904.555
-257.562771,1904.5
-253.502999,1904.445
-249.429175,1904.395
-243.198503,1904.345
-244.601609,1904.29
-241.949486,1904.235
-239.429935,1904.185
-243.350244,1904.135
-243.647313,1904.08
-245.9423,1904.025
-249.03887,1903.965
-252.889695,1903.9
-256.150409,1903.835
-261.110964,1903.765
-263.399908,1903.7
-266.763338,1903.635
-268.753199,1903.565
-272.08239,1903.5
-273.034019,1903.435
-271.923282,1903.365
-268.719968,1903.3
-262.869212,1903.235
-253.443553,1903.165
-248.582693,1903.1
-241.881009,1903.035
-238.224538,1902.975
-237.206446,1902.925
-236.220579,1902.88
-242.849757,1902.835
-247.1195,1902.785
-251.870596,1902.735
-249.90591,1902.69
-257.371918,1902.645
-265.567004,1902.595
-268.372547,1902.545
-263.364663,1902.5
-270.403696,1902.455
-269.44099,1902.405
-266.289034,1902.355
-261.025367,1902.31
-257.92779,1902.265
-251.89275,1902.215
-243.485184,1902.165
-245.936258,1902.12
-245.139709,1902.075
-241.025047,1902.025
-244.659363,1901.97
-249.553455,1901.91
-254.808058,1901.845
-255.887578,1901.78
-262.339522,1901.72
-265.065511,1901.66
-265.354524,1901.595
-263.553982,1901.53
-257.970085,1901.47
-256.185654,1901.41
-251.548351,1901.345
-246.818403,1901.28
-243.05116,1901.22
-240.407746,1901.16
-240.370341,1901.095
-243.806445,1901.03
-246.502655,1900.98
-249.95618,1900.935
-252.515068,1900.89
-255.833322,1900.85
-256.016759,1900.805
-261.136585,1900.76
-261.624383,1900.72
-260.957247,1900.675
-256.884752,1900.63
-257.082535,1900.59
-252.249649,1900.545
-255.581225,1900.5
-255.662183,1900.455
-249.098435,1900.41
-248.481514,1900.37
-246.949461,1900.325
-247.124699,1900.28
-247.793884,1900.24
-242.012047,1900.195
-242.279515,1900.15
-235.694247,1900.11
-235.995534,1900.065
-232.444653,1900.02
-230.295679,1899.98
-231.442414,1899.94
-234.412241,1899.9
-233.280878,1899.855
-236.110309,1899.81
-245.101773,1899.77
-247.76519,1899.73
-253.952842,1899.69
-257.551887,1899.65
-258.056081,1899.605
-263.78258,1899.56
-254.637398,1899.52
-263.812299,1899.48
-259.529722,1899.44
-255.480796,1899.4
-249.915189,1899.355
-245.858065,1899.31
-241.798891,1899.27
-239.06169,1899.23
-231.237457,1899.19
-234.356902,1899.15
-232.766436,1899.105
-230.137862,1899.06
-237.159689,1899.02
-238.87518,1898.97
-243.877155,1898.915
-242.690454,1898.86
-247.303012,1898.805
-244.098509,1898.75
-247.349127,1898.695
-250.561021,1898.64
-250.910416,1898.585
-251.751212,1898.53
-252.792246,1898.47
-251.938169,1898.415
-237.547583,1898.36
-249.468905,1898.305
-242.658764,1898.25
-243.564944,1898.195
-245.676639,1898.14
-243.352446,1898.085
-244.790892,1898.03
-246.277354,1897.97
-248.730272,1897.91
-250.817448,1897.85
-251.262876,1897.79
-253.880275,1897.735
-254.868185,1897.68
-255.975624,1897.62
-256.358733,1897.56
-249.971544,1897.5
-254.611757,1897.44
-253.620782,1897.38
-251.434509,1897.32
-253.599328,1897.265
-256.537517,1897.21
-256.611074,1897.15
-261.856088,1897.09
-266.970334,1897.03
-271.20905,1896.96
-275.429376,1896.885
-279.792729,1896.81
-281.220958,1896.73
-280.476195,1896.655
-281.17805,1896.58
-276.794264,1896.5
-272.920269,1896.42
-269.586712,1896.345
-263.291469,1896.27
-259.113029,1896.19
-254.071318,1896.115
-251.495806,1896.04
-250.649902,1895.97
-252.383597,1895.91
-253.320425,1895.845
-256.2627,1895.78
-259.655511,1895.72
-263.394653,1895.66
-266.299128,1895.595
-266.563728,1895.53
-264.916872,1895.47
-263.733832,1895.41
-260.876351,1895.345
-256.12376,1895.28
-254.279729,1895.22
-248.885023,1895.16
-247.32477600000001,1895.095
-245.418717,1895.03
-245.024818,1894.97
-247.020911,1894.91
-249.028259,1894.845
-251.848982,1894.78
-255.053371,1894.72
-257.110852,1894.66
-260.008308,1894.595
-260.770527,1894.53
-262.897579,1894.47
-263.948316,1894.41
-263.513493,1894.345
-262.773782,1894.28
-261.461128,1894.22
-257.05458,1894.16
-249.601202,1894.095
-249.447735,1894.03
-251.544094,1893.975
-255.403276,1893.925
-261.01812,1893.88
-267.470894,1893.835
-274.625523,1893.785
-279.942641,1893.735
-284.795266,1893.69
-291.655238,1893.645
-292.894228,1893.595
-294.781872,1893.545
-292.632311,1893.5
-287.556648,1893.455
-284.446384,1893.405
-277.795127,1893.355
-269.312497,1893.31
-262.695002,1893.265
-255.67747,1893.215
-248.213861,1893.165
-243.598599,1893.12
-240.566092,1893.075
-237.212327,1893.025
-237.703422,1892.975
-236.121689,1892.92
-238.733696,1892.865
-241.496101,1892.815
-244.56544,1892.765
-247.718675,1892.71
-248.978127,1892.655
-252.295059,1892.605
-253.016354,1892.555
-254.896835,1892.5
-254.788385,1892.445
-254.919344,1892.395
-252.606085,1892.345
-250.794152,1892.29
-250.745043,1892.235
-249.120963,1892.185
-249.960727,1892.135
-251.754398,1892.08
-252.589067,1892.025
-245.216671,1891.98
-254.808735,1891.94
-255.328492,1891.9
-256.96114,1891.855
-260.885815,1891.81
-262.845604,1891.77
-262.748787,1891.73
-266.771298,1891.69
-269.129568,1891.65
-270.873301,1891.605
-271.475608,1891.56
-273.952097,1891.52
-274.859124,1891.48
-275.152634,1891.44
-273.464952,1891.4
-276.425529,1891.355
-271.284011,1891.31
-274.352616,1891.27
-272.4234,1891.23
-267.212582,1891.19
-256.472976,1891.15
-253.283095,1891.105
-249.309502,1891.06
-247.195824,1891.02
-248.247567,1890.975
-248.498274,1890.925
-252.035678,1890.875
-256.90203,1890.825
-261.333213,1890.775
-249.474601,1890.725
-261.181363,1890.675
-255.117531,1890.625
-251.943957,1890.575
-250.878964,1890.525
-249.119944,1890.475
-245.258455,1890.425
-246.77798,1890.375
-247.659529,1890.325
-246.812631,1890.275
-250.056525,1890.225
-250.339844,1890.175
-251.441525,1890.125
-246.339754,1890.075
-250.127865,1890.025
-250.695521,1889.97
-251.415027,1889.915
-253.285133,1889.86
-256.005195,1889.805
-257.854918,1889.75
-258.389962,1889.695
-256.52699,1889.64
-250.537205,1889.585
-250.208971,1889.53
-249.350667,1889.47
-247.518872,1889.415
-244.70135200000001,1889.36
-247.038752,1889.305
-241.816555,1889.25
-238.728904,1889.195
-248.173303,1889.14
-248.707449,1889.085
-251.132513,1889.03
-252.953096,1888.98
-256.333304,1888.935
-257.850116,1888.89
-262.417881,1888.85
-265.270059,1888.805
-261.882716,1888.76
-270.545263,1888.72
-272.38929,1888.675
-273.628836,1888.63
-273.73485,1888.59
-270.728748,1888.545
-269.753218,1888.5
-265.847019,1888.455
-257.649301,1888.41
-254.118228,1888.37
-250.489295,1888.325
-245.964343,1888.28
-241.506668,1888.24
-238.768659,1888.195
-237.217189,1888.15
-236.592319,1888.11
-237.656534,1888.065
-239.873649,1888.02
-241.378229,1887.97
-244.470976,1887.91
-245.746199,1887.845
-250.134557,1887.78
-253.063187,1887.72
-254.399572,1887.66
-255.239527,1887.595
-255.60242,1887.53
-253.425061,1887.47
-248.072386,1887.41
-247.067294,1887.345
-243.304825,1887.28
-241.148872,1887.22
-234.103035,1887.16
-230.979707,1887.095
-229.188686,1887.03
-228.27024,1886.975
-231.883882,1886.92
-225.489417,1886.865
-234.348701,1886.815
-231.676951,1886.765
-242.21382,1886.71
-247.86346700000001,1886.655
-249.260834,1886.605
-252.981707,1886.555
-256.636281,1886.5
-259.600331,1886.445
-256.774997,1886.395
-256.380267,1886.345
-260.556048,1886.29
-259.404495,1886.235
-256.297648,1886.185
-252.225904,1886.135
-248.537671,1886.08
-244.851478,1886.025
-238.882579,1885.97
-235.501358,1885.915
-233.057496,1885.86
-231.62851,1885.805
-230.959405,1885.75
-231.259278,1885.695
-241.191804,1885.64
-241.344801,1885.585
-246.344723,1885.53
-247.949145,1885.47
-249.703504,1885.415
-252.078008,1885.36
-252.871549,1885.305
-254.163859,1885.25
-254.646307,1885.195
-252.82565,1885.14
-251.356885,1885.085
-251.200829,1885.03
-250.71634,1884.975
-249.316933,1884.93
-249.799382,1884.885
-251.035592,1884.84
-254.933941,1884.795
-253.479455,1884.75
-260.271475,1884.705
-264.210622,1884.66
-269.532857,1884.615
-271.354534,1884.57
-274.790833,1884.525
-275.058067,1884.475
-277.198996,1884.43
-270.516114,1884.385
-263.670035,1884.34
-257.161568,1884.295
-248.092962,1884.25
-241.38662,1884.205
-235.118867,1884.16
-234.346745,1884.115
-235.573777,1884.07
-242.754407,1884.025
-249.051739,1883.97
-255.110488,1883.915
-264.909454,1883.86
-268.626267,1883.805
-266.647356,1883.75
-266.307708,1883.695
-262.627503,1883.64
-257.216513,1883.585
-253.078697,1883.53
-249.416797,1883.47
-246.631474,1883.415
-245.739642,1883.36
-242.422475,1883.305
-239.533427,1883.25
-238.131106,1883.195
-233.44314,1883.14
-230.505281,1883.085
-228.986014,1883.03
-230.809338,1882.965
-235.269515,1882.895
-240.668301,1882.825
-247.298569,1882.75
-253.279029,1882.675
-258.579175,1882.605
-264.068467,1882.535
-266.957515,1882.465
-266.590409,1882.395
-263.87322,1882.325
-259.741506,1882.25
-250.022876,1882.175
-249.69238000000001,1882.105
-246.509445,1882.035
-246.831806,1881.97
-247.173488,1881.91
-250.912675,1881.85
-254.730163,1881.79
-256.947031,1881.735
-260.78079,1881.68
-261.379751,1881.62
-263.513233,1881.56
-263.805087,1881.5
-261.751941,1881.44
-258.841539,1881.38
-253.310553,1881.32
-249.648653,1881.265
-240.988629,1881.21
-230.683241,1881.15
-225.554953,1881.09
-227.239976,1881.03
-228.753142,1880.96
-238.420925,1880.885
-249.706617,1880.81
-260.282503,1880.73
-268.511356,1880.655
-276.422933,1880.58
-280.473294,1880.5
-281.570577,1880.42
-280.742737,1880.345
-274.268028,1880.27
-270.967896,1880.19
-265.407792,1880.115
-262.096432,1880.04
-262.619064,1879.965
-264.402339,1879.9
-268.128129,1879.835
-272.529666,1879.765
-275.019311,1879.7
-275.234692,1879.635
-276.339159,1879.565
-277.323176,1879.5
-274.796784,1879.435
-269.863429,1879.365
-262.070913,1879.3
-255.656429,1879.235
-247.584223,1879.165
-246.132696,1879.1
-241.308563,1879.035
-246.643079,1878.965
-250.161654,1878.895
-258.224672,1878.825
-266.238694,1878.75
-269.920592,1878.675
-272.682781,1878.605
-271.404783,1878.535
-266.957313,1878.465
-261.659545,1878.395
-252.96059,1878.325
-244.658712,1878.25
-236.744725,1878.175
-230.384342,1878.105
-229.589166,1878.035
-229.251293,1877.96
-234.279579,1877.885
NA,1877.81
-247.002388,1877.73
-251.541727,1877.655
-254.817361,1877.58
-254.830631,1877.5
-252.992234,1877.42
-251.740776,1877.345
-250.804735,1877.27
-250.00956,1877.19
-249.331772,1877.115
-250.623039,1877.04
-251.528457,1876.97
-254.13549,1876.91
-258.121575,1876.845
-261.400271,1876.78
-265.552741,1876.72
-268.298597,1876.66
-270.167617,1876.595
-269.325486,1876.53
-267.586912,1876.47
-264.710961,1876.41
-258.62872,1876.345
-252.930874,1876.28
-245.318062,1876.22
-238.797372,1876.16
-233.262693,1876.095
-230.541901,1876.03
-230.156505,1875.975
-231.45684,1875.925
-234.782252,1875.875
-240.167778,1875.825
-245.084823,1875.775
-250.278152,1875.725
-255.919941,1875.675
-258.577668,1875.625
-263.759985,1875.575
-265.494765,1875.525
-266.51281,1875.475
-266.417712,1875.425
-266.650952,1875.375
-262.608804,1875.325
-257.463525,1875.275
-256.189217,1875.225
-253.400355,1875.175
-251.710622,1875.125
-251.509415,1875.075
-251.458363,1875.025
-252.934878,1874.975
-255.393401,1874.92
-266.26956,1874.865
-267.774104,1874.815
-269.73912,1874.765
-268.530881,1874.71
-262.418609,1874.655
-260.150281,1874.605
-258.621713,1874.555
-257.502565,1874.5
-257.233288,1874.445
-257.263319,1874.395
-255.492502,1874.345
-254.719709,1874.29
-252.768707,1874.235
-250.645529,1874.185
-249.149994,1874.135
-248.980821,1874.08
-248.747581,1874.025
-250.487367,1873.975
-254.104078,1873.925
-255.339345,1873.88
-256.353386,1873.835
-257.94602,1873.785
-258.711805,1873.735
-257.490552,1873.69
-255.131165,1873.645
-253.658163,1873.595
-251.143332,1873.545
-249.309349,1873.5
-248.131149,1873.455
-246.631074,1873.405
-245.744666,1873.355
-243.679054,1873.31
-242.732483,1873.265
-243.056363,1873.215
-242.651262,1873.165
-244.067109,1873.12
-244.810127,1873.075
-246.81758,1873.025
-249.293306,1872.975
-244.04906,1872.92
-250.940781,1872.865
-253.878763,1872.815
-255.397889,1872.765
-256.864874,1872.71
-257.991936,1872.655
-260.004403,1872.605
-259.449897,1872.555
-259.764752,1872.5
-259.801853,1872.445
-260.387444,1872.395
-260.895825,1872.345
-261.338026,1872.29
-260.583978,1872.235
-260.263106,1872.185
-257.228863,1872.135
-253.541847,1872.08
-250.018275,1872.025
-246.653134,1871.965
-245.748677,1871.9
-247.173547,1871.835
-249.984183,1871.765
-255.400897,1871.7
-260.844686,1871.635
-265.384017,1871.565
-267.873781,1871.5
-270.469833,1871.435
-270.508939,1871.365
-270.042673,1871.3
-267.507786,1871.235
-266.114,1871.165
-266.798861,1871.1
-267.890827,1871.035
-269.962455,1870.96
-272.822223,1870.885
-276.006875,1870.81
-278.77339,1870.73
-280.464985,1870.655
-281.467709,1870.58
-280.214304,1870.5
-276.261362,1870.42
-272.821517,1870.345
-266.637652,1870.27
-261.229162,1870.19
-259.133636,1870.115
-258.417673,1870.04
-260.811265,1869.97
-264.110132,1869.91
-270.228543,1869.845
-275.903884,1869.78
-280.256052,1869.72
-283.399844,1869.66
-285.641382,1869.595
-285.179178,1869.53
-282.76444,1869.47
-279.676031,1869.41
-274.793185,1869.345
-268.722101,1869.28
-262.488894,1869.22
-247.612776,1869.16
-234.027606,1869.095
-228.7611,1869.03
-225.228613,1868.975
-223.246876,1868.93
-224.572062,1868.885
-227.683631,1868.84
-223.92256,1868.795
-239.420992,1868.75
-245.315854,1868.705
-250.972062,1868.66
-245.640102,1868.615
-257.967553,1868.57
-262.180758,1868.525
-264.155446,1868.475
-268.396846,1868.43
-272.601996,1868.385
-275.703495,1868.34
-278.87145400000003,1868.295
-280.007328,1868.25
-278.392132,1868.205
-275.466854,1868.16
-270.93343,1868.115
-266.75849,1868.07
-262.114297,1868.025
-258.573755,1867.98
-252.989043,1867.935
-254.469304,1867.89
-252.94675,1867.85
-253.888276,1867.805
-256.71789,1867.76
-260.522261,1867.72
-264.328647,1867.675
-267.037423,1867.63
-267.23177,1867.59
-266.757483,1867.545
-265.252538,1867.5
-262.828391,1867.455
-260.232961,1867.41
-257.649622,1867.37
-255.408847,1867.325
-252.309646,1867.28
-248.832617,1867.24
-247.391831,1867.195
-245.800921,1867.15
-244.417565,1867.11
-245.096649,1867.065
-246.915263,1867.02
-249.863333,1866.98
-254.086951,1866.94
-257.999239,1866.9
-261.575008,1866.855
-264.082782,1866.81
-262.565422,1866.77
-259.629443,1866.73
-256.441578,1866.69
-252.499064,1866.65
-248.83967,1866.605
-245.562133,1866.56
-243.596418,1866.52
-240.096215,1866.48
-238.562735,1866.44
-235.473609,1866.4
-233.769855,1866.355
-232.329069,1866.31
-231.675174,1866.27
-231.132108,1866.23
-232.889263,1866.19
-235.745646,1866.15
-238.891194,1866.105
-239.97934,1866.06
-247.287046,1866.02
-255.503556,1865.965
-258.807288,1865.9
-260.608775,1865.835
-261.300956,1865.765
-259.823899,1865.7
-259.687881,1865.635
-257.780603,1865.565
-255.177113,1865.5
-252.266322,1865.435
-247.257828,1865.365
-245.066423,1865.3
-241.171263,1865.235
-238.762229,1865.165
-238.661474,1865.1
-239.016129,1865.035
-241.76269,1864.965
-247.031131,1864.9
-251.81192,1864.835
-255.250663,1864.765
-256.009375,1864.7
-258.162989,1864.635
-259.055532,1864.565
-258.804125,1864.5
-258.737487,1864.435
-257.31689,1864.365
-256.217366,1864.3
-253.640703,1864.235
-251.564834,1864.165
-250.262367,1864.1
-248.724649,1864.035
-249.186065,1863.96
-251.815231,1863.875
-259.909707,1863.79
-265.200347,1863.71
-266.597722,1863.625
-266.901631,1863.54
-265.143806,1863.46
-262.320785,1863.375
-258.282129,1863.29
-253.966825,1863.21
-249.495023,1863.125
-247.480743,1863.04
-247.359583,1862.975
-248.123899,1862.92
-248.191546,1862.865
-249.848405,1862.815
-250.089715,1862.765
-253.284292,1862.71
-255.747872,1862.655
-261.978509,1862.605
-265.092313,1862.555
-265.634503,1862.5
-263.164864,1862.445
-257.802539,1862.395
-252.773402,1862.345
-247.587767,1862.29
-243.565266,1862.235
-240.111205,1862.185
-238.32208,1862.135
-236.446124,1862.08
-237.031729,1862.025
-238.797632,1861.965
-243.036202,1861.895
-247.647337,1861.825
-252.980383,1861.75
-258.021636,1861.675
-262.765037,1861.605
-266.114093,1861.535
-266.7835,1861.465
-260.635656,1861.395
-256.65657,1861.325
-249.59195,1861.25
-245.538149,1861.175
-243.303763,1861.105
-241.058095,1861.035
-242.155834,1860.96
-243.471306,1860.885
-244.655735,1860.81
-244.205148,1860.73
-244.643638,1860.655
-245.457114,1860.58
-243.58118,1860.5
-241.652829,1860.42
-239.80512,1860.345
-238.176152,1860.27
-236.826407,1860.19
-235.282113,1860.115
-235.641978,1860.04
-235.480694,1859.97
-238.164056,1859.91
-243.864435,1859.845
-250.710939,1859.78
-259.377935,1859.72
-266.564143,1859.66
-270.145654,1859.595
-271.522616,1859.53
-271.999412,1859.47
-272.373389,1859.41
-270.687972,1859.345
-269.889616,1859.28
-266.691154,1859.22
-264.294071,1859.16
-261.572405,1859.095
-258.821505,1859.03
-257.808441,1858.97
-257.683445,1858.91
-259.597684,1858.85
-262.305239,1858.785
-265.455316,1858.72
-266.95828,1858.66
-269.22432,1858.6
-271.056909,1858.54
-270.94401,1858.48
-270.836151,1858.415
-267.436084,1858.35
-264.999689,1858.29
-261.87078,1858.23
-258.761024,1858.17
