d18O (permil),year (AD),depth (cm),core (),depth (cm),d18O (permil),depth (cm)
1.53,1985,NA,JM97-948/2A,NA,1.98,1.25
1.28,1980,NA,JM97-948/2A,NA,2.1,1.75
1.45,1975,NA,JM97-948/2A,NA,2.15,2.25
1.4,1970,NA,JM97-948/2A,NA,1.95,2.75
1.37,1965,NA,JM97-948/2A,NA,2.04,3.25
1.33,1960,NA,JM97-948/2A,NA,2.1,3.75
1.33,1955,NA,JM97-948/2A,NA,2.17,4.25
1.42,1951,NA,JM97-948/2A,NA,2.13,4.75
1.49,1943,NA,JM97-948/2A,NA,2.17,5.75
1.45,1940,NA,JM97-948/2A,NA,2.02,6.25
1.4,1937,NA,JM97-948/2A,NA,2.12,6.75
1.56,1934,NA,JM97-948/2A,NA,2.29,7.25
1.52,1932,NA,JM97-948/2A,NA,2.18,7.75
1.44,1930,NA,JM97-948/2A,NA,2.06,8.25
1.43,1928,NA,JM97-948/2A,NA,1.88,8.75
1.55,1925,NA,JM97-948/2A,NA,2.49,9.25
1.71,1923,NA,JM97-948/2A,NA,2.31,9.75
1.52,1905,NA,JM97-948/2A,NA,2.22,10.75
1.36,1889,NA,JM97-948/2A,NA,2.19,11.25
1.79,1873,NA,JM97-948/2A,NA,2.22,11.75
1.72,1857,NA,JM97-948/2A,NA,2.21,12.25
1.48,1841,NA,JM97-948/2A,NA,2.29,12.75
1.27,1825,NA,JM97-948/2A,NA,2.22,13.25
1.57,1809,NA,JM97-948/2A,NA,2.25,13.75
1.21,1793,NA,JM97-948/2A,NA,2.14,14.25
1.33,1777,NA,JM97-948/2A,NA,2.13,14.75
1.39,1745,NA,JM97-948/2A,NA,2.04,15.75
1.38,1728,NA,JM97-948/2A,NA,2.24,16.25
1.46,1712,NA,JM97-948/2A,NA,2.16,16.75
1.52,1696,NA,JM97-948/2A,NA,2.26,17.25
1.54,1680,NA,JM97-948/2A,NA,2.18,17.75
1.33,1664,NA,JM97-948/2A,NA,2.24,18.25
1.43,1648,NA,JM97-948/2A,NA,2.02,18.75
1.43,1632,NA,JM97-948/2A,NA,2.13,19.25
1.69,1616,NA,JM97-948/2A,NA,2.1,19.75
1.25,1600,NA,JM97-948/2A,NA,NA,20.25
1.14,1584,NA,JM97-948/2A,NA,2.24,20.75
1.59,1568,NA,JM97-948/2A,NA,2.22,21.25
1.44,1552,NA,JM97-948/2A,NA,2.29,21.75
1.63,1545,NA,JM97-948/2A,NA,2.1,22.25
1.22,1537,NA,JM97-948/2A,NA,2,22.75
1.51,1530,NA,JM97-948/2A,NA,2.24,23.25
1.35,1523,NA,JM97-948/2A,NA,2.08,23.75
1.32,1516,NA,JM97-948/2A,NA,2.16,24.25
2.15,1508,NA,JM97-948/2A,NA,2.25,24.75
1.43,1494,NA,JM97-948/2A,NA,2.09,25.75
1.3,1486,NA,JM97-948/2A,NA,1.93,26.25
1.49,1479,NA,JM97-948/2A,NA,2.3,26.75
1.15,1472,NA,JM97-948/2A,NA,2.04,27.25
1.34,1465,NA,JM97-948/2A,NA,1.85,27.75
1.25,1457,NA,JM97-948/2A,NA,2.31,28.25
1.28,1450,NA,JM97-948/2A,NA,2.09,28.75
1.46,1443,NA,JM97-948/2A,NA,2.04,29.25
1.2,1436,NA,JM97-948/2A,NA,2.17,29.75
1.28,1425,NA,MD95-2011,NA,1.79,3.5
1.33,1421,NA,MD95-2011,NA,2.38,4.5
1.82,1417,NA,MD95-2011,NA,2.68,5.5
1.41,1414,NA,MD95-2011,NA,2.15,6.5
1.58,1410,NA,MD95-2011,NA,2.11,7.5
1.53,1406,NA,MD95-2011,NA,1.76,8.5
1.5,1403,NA,MD95-2011,NA,1.78,9.5
1.23,1399,NA,MD95-2011,NA,1.63,10.5
1.25,1395,NA,MD95-2011,NA,1.58,11.5
1.17,1392,NA,MD95-2011,NA,1.81,12.5
1.33,1388,NA,MD95-2011,NA,2.21,13.5
1.26,1384,NA,MD95-2011,NA,1.71,14.5
1.06,1380,NA,MD95-2011,NA,2.01,15.5
1.21,1377,NA,MD95-2011,NA,2.03,16.5
1.23,1373,NA,MD95-2011,NA,1.78,17.5
1.35,1369,NA,MD95-2011,NA,1.9,18.5
0.98,1366,NA,MD95-2011,NA,1.98,19.5
1.54,1362,NA,MD95-2011,NA,2.1,20.5
1.51,1358,NA,MD95-2011,NA,1.92,21.5
1.25,1355,NA,MD95-2011,NA,2.04,22.5
1.32,1351,NA,MD95-2011,NA,1.98,23.5
1.06,1347,NA,MD95-2011,NA,1.77,24.5
1.05,1343,NA,MD95-2011,NA,1.74,25.5
1.27,1340,NA,MD95-2011,NA,1.99,26.5
1.29,1336,NA,MD95-2011,NA,1.76,27.5
1.44,1332,NA,MD95-2011,NA,1.98,28.5
1.34,1329,NA,MD95-2011,NA,1.86,29.5
1.32,1325,NA,MD95-2011,NA,2.02,30.5
1.14,1321,NA,MD95-2011,NA,1.91,31.5
1.16,1317,NA,MD95-2011,NA,2.18,32.5
1.1,1314,NA,MD95-2011,NA,1.82,33.5
1.41,1310,NA,MD95-2011,NA,1.96,34.5
1.15,1306,NA,MD95-2011,NA,2.22,35.5
1.28,1302,NA,MD95-2011,NA,1.86,36.5
1.3,1299,NA,MD95-2011,NA,2.08,37.5
1.45,1295,NA,MD95-2011,NA,1.66,38.5
1.06,1291,NA,MD95-2011,NA,1.99,39.5
1.33,1284,NA,MD95-2011,NA,1.81,41.5
1.23,1280,NA,MD95-2011,NA,1.96,42.5
1.24,1276,NA,MD95-2011,NA,2.03,43.5
1.1,1272,NA,MD95-2011,NA,1.81,44.5
1.07,1269,NA,MD95-2011,NA,1.58,45.5
1.19,1265,NA,MD95-2011,NA,1.89,46.5
0.92,1261,NA,MD95-2011,NA,1.68,47.5
1.33,1248,NA,MD95-2011,NA,NA,48.5
1.32,1235,NA,MD95-2011,NA,1.92,49.5
1.3,1222,NA,MD95-2011,NA,1.61,50.5
1.26,1209,NA,MD95-2011,NA,1.98,51.5
1.4,1196,NA,MD95-2011,NA,1.91,52.5
1.38,1183,NA,MD95-2011,NA,1.95,53.5
1.14,1170,NA,MD95-2011,NA,1.98,54.5
0.99,1157,NA,MD95-2011,NA,1.89,55.5
1.43,1144,NA,MD95-2011,NA,2.05,56.5
1.37,1131,NA,MD95-2011,NA,2.04,57.5
1.32,1118,NA,MD95-2011,NA,1.97,58.5
1.37,1106,NA,MD95-2011,NA,1.86,59.5
1.39,1093,NA,MD95-2011,NA,1.8,60.5
1.55,1080,NA,MD95-2011,NA,2.12,61.5
1.44,1067,NA,MD95-2011,NA,2.04,62.5
1.42,1054,NA,MD95-2011,NA,2.08,63.5
1.55,1041,NA,MD95-2011,NA,1.95,64.5
1.01,1028,NA,MD95-2011,NA,1.84,65.5
1.18,1015,NA,MD95-2011,NA,1.83,66.5
1.1,1002,NA,MD95-2011,NA,1.75,67.5
1.15,989,NA,MD95-2011,NA,2.03,68.5
0.99,976,NA,MD95-2011,NA,1.84,69.5
1.06,963,NA,MD95-2011,NA,2.17,70.5
1.32,954,NA,MD95-2011,NA,2.12,71.5
1.13,945,NA,MD95-2011,NA,2.09,72.5
1.32,936,NA,MD95-2011,NA,2.14,73.5
1.27,927,NA,MD95-2011,NA,2.05,74.5
1.27,918,NA,MD95-2011,NA,2.24,75.5
1.38,909,NA,MD95-2011,NA,1.71,76.5
1.44,900,NA,MD95-2011,NA,1.82,77.5
1.25,891,NA,MD95-2011,NA,2.06,78.5
1.32,882,NA,MD95-2011,NA,2.13,79.5
1.41,872,NA,MD95-2011,NA,1.84,80.5
1.27,863,NA,MD95-2011,NA,2.28,81.5
1.46,854,NA,MD95-2011,NA,1.69,82.5
1.37,845,NA,MD95-2011,NA,1.49,83.5
1.19,836,NA,MD95-2011,NA,1.79,84.5
1.32,827,NA,MD95-2011,NA,1.87,85.5
1.36,818,NA,MD95-2011,NA,2.06,86.5
1.25,809,NA,MD95-2011,NA,1.99,87.5
1.15,800,NA,MD95-2011,NA,2.51,88.5
1.18,791,NA,MD95-2011,NA,1.85,89.5
1.35,779,NA,MD95-2011,NA,1.47,90.5
1.49,767,NA,MD95-2011,NA,1.74,91.5
1.4,754,NA,MD95-2011,NA,1.84,92.5
1.48,742,NA,MD95-2011,NA,1.81,93.5
1.38,730,NA,MD95-2011,NA,1.95,94.5
1.5,718,NA,MD95-2011,NA,2.07,95.5
1.3,705,NA,MD95-2011,NA,1.37,96.5
1.18,693,NA,MD95-2011,NA,1.61,97.5
1.05,681,NA,MD95-2011,NA,1.98,98.5
1.11,669,NA,MD95-2011,NA,1.72,99.5
1.08,656,NA,MD95-2011,NA,1.77,100.5
1.42,644,NA,MD95-2011,NA,1.84,101.5
1.54,632,NA,MD95-2011,NA,1.75,102.5
1.41,620,NA,MD95-2011,NA,1.82,103.5
1.34,607,NA,MD95-2011,NA,1.69,104.5
1.29,595,NA,MD95-2011,NA,1.82,105.5
1.4,583,NA,MD95-2011,NA,1.52,106.5
0.79,571,NA,MD95-2011,NA,1.71,107.5
1.28,559,NA,MD95-2011,NA,1.68,108.5
1.25,546,NA,MD95-2011,NA,1.87,109.5
1.26,534,NA,MD95-2011,NA,1.94,110.5
1.47,522,NA,MD95-2011,NA,2.29,111.5
1.38,510,NA,MD95-2011,NA,1.77,112.5
1.4,497,NA,MD95-2011,NA,1.84,113.5
1.23,485,NA,MD95-2011,NA,2.07,114.5
1.34,473,NA,MD95-2011,NA,1.96,115.5
1.69,461,NA,MD95-2011,NA,2.03,116.5
1.58,448,NA,MD95-2011,NA,1.95,117.5
1.54,436,NA,MD95-2011,NA,2.22,118.5
0.74,424,NA,MD95-2011,NA,2.32,119.5
1.06,412,NA,MD95-2011,NA,1.8,120.5
1.14,399,NA,MD95-2011,NA,1.92,121.5
1.13,387,NA,MD95-2011,NA,2.15,122.5
0.79,375,NA,MD95-2011,NA,1.83,123.5
1.2,363,NA,MD95-2011,NA,2.11,124.5
1.08,351,NA,MD95-2011,NA,1.94,125.5
1.21,338,NA,MD95-2011,NA,2.1,126.5
1.17,326,NA,MD95-2011,NA,1.59,127.5
1.28,314,NA,MD95-2011,NA,2.05,128.5
1.43,302,NA,MD95-2011,NA,2,129.5
0.95,289,NA,MD95-2011,NA,NA,130.5
0.89,277,NA,MD95-2011,NA,1.84,131.5
1.23,265,NA,MD95-2011,NA,1.89,132.5
1.17,253,NA,MD95-2011,NA,1.81,133.5
1.12,240,NA,MD95-2011,NA,1.65,134.5
1.25,228,NA,MD95-2011,NA,1.98,135.5
1.09,216,NA,MD95-2011,NA,NA,136.5
1.16,204,NA,MD95-2011,NA,1.96,137.5
1.33,192,NA,MD95-2011,NA,1.92,138.5
1.2,179,NA,MD95-2011,NA,1.28,139.5
1.13,167,NA,MD95-2011,NA,1.75,140.5
1.12,155,NA,MD95-2011,NA,2,141.5
0.83,143,NA,MD95-2011,NA,1.72,142.5
0.75,130,NA,MD95-2011,NA,1.74,143.5
1.09,118,NA,MD95-2011,NA,1.67,144.5
1,106,NA,MD95-2011,NA,1.72,145.5
1.06,94,NA,MD95-2011,NA,1.63,146.5
1.01,81,NA,MD95-2011,NA,1.72,147.5
0.85,69,NA,MD95-2011,NA,2.06,148.5
0.73,57,NA,MD95-2011,NA,1.76,149.5
1.05,45,NA,MD95-2011,NA,NA,150.5
0.98,32,NA,MD95-2011,NA,1.82,151.5
0.92,20,NA,MD95-2011,NA,1.78,152.5
0.99,8,NA,MD95-2011,NA,1.63,153.5
0.89,-14,NA,MD95-2011,NA,1.72,154.5
0.94,-35,NA,MD95-2011,NA,1.69,155.5
0.93,-57,NA,MD95-2011,NA,1.84,156.5
1.15,-78,NA,MD95-2011,NA,1.68,157.5
0.92,-100,NA,MD95-2011,NA,1.97,158.5
0.96,-122,NA,MD95-2011,NA,1.49,159.5
0.97,-143,NA,MD95-2011,NA,1.77,160.5
0.81,-165,NA,MD95-2011,NA,1.69,161.5
1.28,-251,NA,MD95-2011,NA,1.57,165.5
1.06,-273,NA,MD95-2011,NA,1.84,166.5
1,-294,NA,MD95-2011,NA,2.03,167.5
0.99,-316,NA,MD95-2011,NA,1.83,168.5
1.25,-337,NA,MD95-2011,NA,1.6,169.5
1.22,-359,NA,MD95-2011,NA,1.9,170.5
0.99,-374,NA,MD95-2011,NA,1.85,171.5
1.34,-388,NA,MD95-2011,NA,2.14,172.5
0.99,-403,NA,MD95-2011,NA,1.75,173.5
1.23,-418,NA,MD95-2011,NA,1.92,174.5
1.21,-432,NA,MD95-2011,NA,1.9,175.5
1.1,-447,NA,MD95-2011,NA,1.7,176.5
1.28,-462,NA,MD95-2011,NA,1.99,177.5
1.27,-476,NA,MD95-2011,NA,1.92,178.5
1.07,-491,NA,MD95-2011,NA,2.15,179.5
0.7,-506,NA,MD95-2011,NA,NA,180.5
1.22,-521,NA,MD95-2011,NA,1.53,181.5
0.96,-535,NA,MD95-2011,NA,1.78,182.5
0.71,-550,NA,MD95-2011,NA,1.8,183.5
1.11,-565,NA,MD95-2011,NA,1.92,184.5
0.63,-579,NA,MD95-2011,NA,2.1,185.5
0.83,-594,NA,MD95-2011,NA,2.15,186.5
1,-609,NA,MD95-2011,NA,1.9,187.5
1.29,-623,NA,MD95-2011,NA,1.8,188.5
0.56,-638,NA,MD95-2011,NA,2.03,189.5
1.29,-653,NA,MD95-2011,NA,2.09,190.5
1.66,-667,NA,MD95-2011,NA,2.04,191.5
1.52,-682,NA,MD95-2011,NA,2.13,192.5
1.52,-697,NA,MD95-2011,NA,2.22,193.5
1.79,-711,NA,MD95-2011,NA,2.07,194.5
1.34,-726,NA,MD95-2011,NA,2.23,195.5
1.83,-741,NA,MD95-2011,NA,2.08,196.5
1.6,-756,NA,MD95-2011,NA,2.35,197.5
1.71,-770,NA,MD95-2011,NA,2.17,198.5
1.6,-785,NA,MD95-2011,NA,2.31,199.5
1.39,-800,NA,MD95-2011,NA,2.11,200.5
1.29,-814,NA,MD95-2011,NA,1.84,201.5
1.26,-829,NA,MD95-2011,NA,2.14,202.5
1.41,-844,NA,MD95-2011,NA,1.93,203.5
1.1,-858,NA,MD95-2011,NA,1.94,204.5
2.05,-873,NA,MD95-2011,NA,1.91,205.5
1.32,-888,NA,MD95-2011,NA,2.02,206.5
1.33,-902,NA,MD95-2011,NA,1.94,207.5
1.35,-917,NA,MD95-2011,NA,1.95,208.5
1.32,-932,NA,MD95-2011,NA,1.9,209.5
1.24,-946,NA,MD95-2011,NA,2.18,210.5
1.1,-961,NA,MD95-2011,NA,1.74,211.5
1.28,-976,NA,MD95-2011,NA,1.94,212.5
1.14,-991,NA,MD95-2011,NA,1.64,213.5
1.33,-1005,NA,MD95-2011,NA,1.79,214.5
1.43,-1020,NA,MD95-2011,NA,2.08,215.5
1.25,-1035,NA,MD95-2011,NA,1.89,216.5
1.36,-1049,NA,MD95-2011,NA,1.83,217.5
1.51,-1064,NA,MD95-2011,NA,1.75,218.5
1.38,-1079,NA,MD95-2011,NA,2.03,219.5
0.95,-1093,NA,MD95-2011,NA,1.36,220.5
1.13,-1108,NA,MD95-2011,NA,1.6,221.5
1.16,-1123,NA,MD95-2011,NA,1.73,222.5
1.31,-1137,NA,MD95-2011,NA,1.7,223.5
1.22,-1152,NA,MD95-2011,NA,1.58,224.5
0.96,-1167,NA,MD95-2011,NA,1.78,225.5
1.31,-1181,NA,MD95-2011,NA,1.81,226.5
1.36,-1196,NA,MD95-2011,NA,1.94,227.5
1.39,-1211,NA,MD95-2011,NA,1.77,228.5
1.12,-1226,NA,MD95-2011,NA,1.69,229.5
1.36,-1255,NA,MD95-2011,NA,NA,231.5
1.3,-1270,NA,MD95-2011,NA,1.63,232.5
1.33,-1284,NA,MD95-2011,NA,1.6,233.5
1.34,-1299,NA,MD95-2011,NA,1.78,234.5
NA,-1314,NA,MD95-2011,NA,2.12,235.5
1.18,-1328,NA,MD95-2011,NA,1.74,236.5
1.21,-1343,NA,MD95-2011,NA,1.65,237.5
1.15,-1358,NA,MD95-2011,NA,1.84,238.5
1.26,-1372,NA,MD95-2011,NA,1.71,239.5
1.15,-1402,NA,MD95-2011,NA,1.71,241.5
1.11,-1416,NA,MD95-2011,NA,1.73,242.5
1.03,-1431,NA,MD95-2011,NA,1.82,243.5
1.19,-1446,NA,MD95-2011,NA,1.83,244.5
NA,-1461,NA,MD95-2011,NA,2.07,245.5
1.41,-1475,NA,MD95-2011,NA,2.11,246.5
1.13,-1490,NA,MD95-2011,NA,1.83,247.5
1.27,-1505,NA,MD95-2011,NA,1.81,248.5
1.3,-1519,NA,MD95-2011,NA,1.79,249.5
1.46,-1534,NA,MD95-2011,NA,2.02,250.5
1.3,-1549,NA,MD95-2011,NA,1.81,251.5
1.19,-1563,NA,MD95-2011,NA,1.78,252.5
1.16,-1578,NA,MD95-2011,NA,2.18,253.5
1.25,-1593,NA,MD95-2011,NA,2.19,254.5
1.64,-1607,NA,MD95-2011,NA,2.17,255.5
1.34,-1622,NA,MD95-2011,NA,2.17,256.5
1.38,-1637,NA,MD95-2011,NA,2.05,257.5
1.47,-1651,NA,MD95-2011,NA,2.12,258.5
1.39,-1666,NA,MD95-2011,NA,2.14,259.5
1.79,-1681,NA,MD95-2011,NA,2.4,260.5
1.18,-1696,NA,MD95-2011,NA,2.22,261.5
1.29,-1710,NA,MD95-2011,NA,2.17,262.5
1.45,-1725,NA,MD95-2011,NA,2.02,263.5
1.48,-1740,NA,MD95-2011,NA,2.01,264.5
1.59,-1754,NA,MD95-2011,NA,2.62,265.5
1.3,-1769,NA,MD95-2011,NA,2.03,266.5
1.29,-1784,NA,MD95-2011,NA,2.18,267.5
1.33,-1798,NA,MD95-2011,NA,2.05,268.5
1.47,-1813,NA,MD95-2011,NA,2.3,269.5
1.66,-1826,NA,MD95-2011,NA,2.41,270.5
1.39,-1839,NA,MD95-2011,NA,2.1,271.5
1.46,-1852,NA,MD95-2011,NA,2.16,272.5
1.44,-1866,NA,MD95-2011,NA,2.2,273.5
1.46,-1879,NA,MD95-2011,NA,2.05,274.5
1.97,-1892,NA,MD95-2011,NA,2.19,275.5
1.67,-1905,NA,MD95-2011,NA,2.13,276.5
1.81,-1918,NA,MD95-2011,NA,2.2,277.5
1.54,-1931,NA,MD95-2011,NA,2.28,278.5
1.48,-1945,NA,MD95-2011,NA,2.1,279.5
1.83,-1958,NA,MD95-2011,NA,2.24,280.5
1.34,-1971,NA,MD95-2011,NA,2.01,281.5
1.55,-1984,NA,MD95-2011,NA,1.9,282.5
1.42,-1997,NA,MD95-2011,NA,2.17,283.5
1.47,-2010,NA,MD95-2011,NA,1.92,284.5
1.88,-2024,NA,MD95-2011,NA,2.45,285.5
1.45,-2037,NA,MD95-2011,NA,2.09,286.5
1.43,-2050,NA,MD95-2011,NA,1.72,287.5
1.61,-2063,NA,MD95-2011,NA,2.11,288.5
1.45,-2076,NA,MD95-2011,NA,2.19,289.5
1.53,-2089,NA,MD95-2011,NA,2.01,290.5
1.59,-2102,NA,MD95-2011,NA,2.06,291.5
1.25,-2116,NA,MD95-2011,NA,2.05,292.5
1.21,-2129,NA,MD95-2011,NA,1.96,293.5
1.41,-2142,NA,MD95-2011,NA,2,294.5
1.78,-2155,NA,MD95-2011,NA,2.3,295.5
1.4,-2168,NA,MD95-2011,NA,NA,296.5
1.3,-2181,NA,MD95-2011,NA,1.87,297.5
1.38,-2195,NA,MD95-2011,NA,1.81,298.5
1.43,-2208,NA,MD95-2011,NA,2.12,299.5
1.63,-2221,NA,MD95-2011,NA,2.07,300.5
1.22,-2234,NA,MD95-2011,NA,1.98,301.5
1.42,-2247,NA,MD95-2011,NA,2.11,302.5
1.49,-2260,NA,MD95-2011,NA,1.93,303.5
1.46,-2273,NA,MD95-2011,NA,2.12,304.5
1.88,-2287,NA,MD95-2011,NA,2.44,305.5
1.49,-2300,NA,MD95-2011,NA,2.19,306.5
1.66,-2313,NA,MD95-2011,NA,2.25,307.5
1.66,-2326,NA,MD95-2011,NA,2.19,308.5
1.67,-2339,NA,MD95-2011,NA,2.04,309.5
1.75,-2352,NA,MD95-2011,NA,2.27,310.5
1.41,-2366,NA,MD95-2011,NA,1.99,311.5
1.38,-2379,NA,MD95-2011,NA,2.2,312.5
1.59,-2418,NA,MD95-2011,NA,2.47,315.5
1.39,-2549,NA,MD95-2011,NA,2.04,324.5
1.65,-2566,NA,MD95-2011,NA,2.13,325.5
1.39,-2582,NA,MD95-2011,NA,1.99,326.5
1.47,-2598,NA,MD95-2011,NA,2.07,327.5
1.43,-2615,NA,MD95-2011,NA,1.97,328.5
1.36,-2631,NA,MD95-2011,NA,2.03,329.5
1.42,-2647,NA,MD95-2011,NA,2.05,330.5
1.38,-2663,NA,MD95-2011,NA,1.81,331.5
NA,-2680,NA,MD95-2011,NA,1.77,332.5
1.55,-2696,NA,MD95-2011,NA,1.92,333.5
1.29,-2712,NA,MD95-2011,NA,1.97,334.5
1.54,-2729,NA,MD95-2011,NA,2.26,335.5
1.44,-2745,NA,MD95-2011,NA,2.1,336.5
1.59,-2761,NA,MD95-2011,NA,2.22,337.5
1.46,-2778,NA,MD95-2011,NA,1.96,338.5
1.41,-2794,NA,MD95-2011,NA,2.09,339.5
1.58,-2810,NA,MD95-2011,NA,2.21,340.5
1.52,-2827,NA,MD95-2011,NA,NA,341.5
1.38,-2843,NA,MD95-2011,NA,2.09,342.5
1.29,-2859,NA,MD95-2011,NA,2.09,343.5
1.36,-2876,NA,MD95-2011,NA,2.06,344.5
1.58,-2892,NA,MD95-2011,NA,2.35,345.5
1.28,-2908,NA,MD95-2011,NA,2.13,346.5
1.7,-2925,NA,MD95-2011,NA,2.1,347.5
1.64,-2941,NA,MD95-2011,NA,2.12,348.5
1.63,-2957,NA,MD95-2011,NA,2.05,349.5
1.57,-2973,NA,MD95-2011,NA,2.56,350.5
1.59,-2990,NA,MD95-2011,NA,2.26,351.5
1.47,-3006,NA,MD95-2011,NA,2.05,352.5
1.44,-3022,NA,MD95-2011,NA,2.09,353.5
1.37,-3039,NA,MD95-2011,NA,2.06,354.5
1.61,-3055,NA,MD95-2011,NA,2.09,355.5
1.54,-3071,NA,MD95-2011,NA,2.13,356.5
1.41,-3088,NA,MD95-2011,NA,1.96,357.5
1.6,-3104,NA,MD95-2011,NA,2.05,358.5
1.61,-3120,NA,MD95-2011,NA,2.05,359.5
1.75,-3137,NA,MD95-2011,NA,2.43,360.5
1.36,-3153,NA,MD95-2011,NA,1.95,361.5
1.34,-3169,NA,MD95-2011,NA,2,362.5
1.38,-3186,NA,MD95-2011,NA,2.08,363.5
1.36,-3202,NA,MD95-2011,NA,2.03,364.5
1.68,-3218,NA,MD95-2011,NA,2.28,365.5
1.56,-3234,NA,MD95-2011,NA,2.02,366.5
1.43,-3251,NA,MD95-2011,NA,2.21,367.5
1.53,-3267,NA,MD95-2011,NA,1.99,368.5
1.42,-3283,NA,MD95-2011,NA,2.02,369.5
1.69,-3300,NA,MD95-2011,NA,2.08,370.5
1.47,-3316,NA,MD95-2011,NA,2.04,371.5
1.32,-3332,NA,MD95-2011,NA,2.1,372.5
1.56,-3349,NA,MD95-2011,NA,1.91,373.5
1.55,-3365,NA,MD95-2011,NA,1.96,374.5
NA,-3381,NA,MD95-2011,NA,1.98,375.5
1.42,-3398,NA,MD95-2011,NA,2.05,376.5
1.38,-3414,NA,MD95-2011,NA,1.99,377.5
1.4,-3430,NA,MD95-2011,NA,2.05,378.5
1.41,-3447,NA,MD95-2011,NA,1.91,379.5
1.34,-3463,NA,MD95-2011,NA,2.26,380.5
1.28,-3479,NA,MD95-2011,NA,2.07,381.5
1.34,-3496,NA,MD95-2011,NA,2.03,382.5
1.32,-3512,NA,MD95-2011,NA,2.05,383.5
1.51,-3528,NA,MD95-2011,NA,1.94,384.5
1.27,-3544,NA,MD95-2011,NA,2.03,385.5
1.6,-3561,NA,MD95-2011,NA,2,386.5
1.62,-3577,NA,MD95-2011,NA,1.85,387.5
1.79,-3593,NA,MD95-2011,NA,1.93,388.5
1.35,-3610,NA,MD95-2011,NA,1.85,389.5
1.54,-3626,NA,MD95-2011,NA,1.94,390.5
1.51,-3642,NA,MD95-2011,NA,2.01,391.5
1.39,-3659,NA,MD95-2011,NA,2,392.5
1.63,-3675,NA,MD95-2011,NA,2.05,393.5
1.38,-3691,NA,MD95-2011,NA,2.02,394.5
1.64,-3708,NA,MD95-2011,NA,2.12,395.5
1.54,-3724,NA,MD95-2011,NA,2,396.5
1.65,-3740,NA,MD95-2011,NA,1.86,397.5
1.45,-3757,NA,MD95-2011,NA,2,398.5
1.6,-3773,NA,MD95-2011,NA,1.93,399.5
1.57,-3789,NA,MD95-2011,NA,2.12,400.5
NA,-3806,NA,MD95-2011,NA,NA,401.5
NA,-3822,NA,MD95-2011,NA,NA,402.5
1.43,-3838,NA,MD95-2011,NA,2.01,403.5
1.75,-3854,NA,MD95-2011,NA,2.09,404.5
1.59,-3871,NA,MD95-2011,NA,2.11,405.5
1.47,-3887,NA,MD95-2011,NA,1.98,406.5
1.52,-3903,NA,MD95-2011,NA,2.02,407.5
1.33,-3920,NA,MD95-2011,NA,2.16,408.5
1.27,-3936,NA,MD95-2011,NA,2.09,409.5
1.48,-3952,NA,MD95-2011,NA,2.36,410.5
1.41,-3969,NA,MD95-2011,NA,1.98,411.5
1.55,-3985,NA,MD95-2011,NA,2.04,412.5
1.22,-4018,NA,MD95-2011,NA,2.12,414.5
1.54,-4034,NA,MD95-2011,NA,2.12,415.5
1.21,-4050,NA,MD95-2011,NA,2.05,416.5
1.51,-4067,NA,MD95-2011,NA,2.21,417.5
1.37,-4083,NA,MD95-2011,NA,2.19,418.5
1.26,-4099,NA,MD95-2011,NA,2.1,419.5
1.59,-4116,NA,MD95-2011,NA,2.09,420.5
1.35,-4132,NA,MD95-2011,NA,1.82,421.5
1.32,-4148,NA,MD95-2011,NA,2.06,422.5
1.43,-4164,NA,MD95-2011,NA,1.92,423.5
1.49,-4181,NA,MD95-2011,NA,1.97,424.5
1.82,-4197,NA,MD95-2011,NA,2.25,425.5
1.58,-4213,NA,MD95-2011,NA,2.09,426.5
1.52,-4230,NA,MD95-2011,NA,2.09,427.5
1.43,-4246,NA,MD95-2011,NA,2.13,428.5
1.52,-4262,NA,MD95-2011,NA,2.01,429.5
1.66,-4279,NA,MD95-2011,NA,1.98,430.5
1.37,-4295,NA,MD95-2011,NA,2.09,431.5
1.24,-4311,NA,MD95-2011,NA,2.14,432.5
1.36,-4328,NA,MD95-2011,NA,2.18,433.5
1.34,-4344,NA,MD95-2011,NA,2.24,434.5
1.58,-4360,NA,MD95-2011,NA,2.06,435.5
1.39,-4377,NA,MD95-2011,NA,1.92,436.5
1.38,-4393,NA,MD95-2011,NA,1.87,437.5
1.37,-4409,NA,MD95-2011,NA,2,438.5
1.34,-4425,NA,MD95-2011,NA,2.02,439.5
1.69,-4442,NA,MD95-2011,NA,2.28,440.5
1.48,-4458,NA,MD95-2011,NA,2.07,441.5
1.47,-4474,NA,MD95-2011,NA,2.12,442.5
1.4,-4491,NA,MD95-2011,NA,2.1,443.5
1.36,-4507,NA,MD95-2011,NA,1.94,444.5
1.9,-4523,NA,MD95-2011,NA,2.26,445.5
1.32,-4540,NA,MD95-2011,NA,2.09,446.5
1.32,-4556,NA,MD95-2011,NA,2.16,447.5
1.46,-4572,NA,MD95-2011,NA,2.06,448.5
1.41,-4589,NA,MD95-2011,NA,2.06,449.5
1.8,-4605,NA,MD95-2011,NA,2.23,450.5
1.47,-4621,NA,MD95-2011,NA,2,451.5
1.56,-4638,NA,MD95-2011,NA,2.2,452.5
1.35,-4654,NA,MD95-2011,NA,2.08,453.5
1.51,-4670,NA,MD95-2011,NA,2.21,454.5
1.76,-4687,NA,MD95-2011,NA,2.07,455.5
1.53,-4703,NA,MD95-2011,NA,1.96,456.5
1.63,-4719,NA,MD95-2011,NA,1.86,457.5
1.22,-4735,NA,MD95-2011,NA,2.07,458.5
1.25,-4752,NA,MD95-2011,NA,2.03,459.5
1.56,-4768,NA,MD95-2011,NA,2.26,460.5
1.28,-4784,NA,MD95-2011,NA,2.06,461.5
1.69,-4801,NA,MD95-2011,NA,2.06,462.5
1.43,-4817,NA,MD95-2011,NA,2.09,463.5
1.4,-4833,NA,MD95-2011,NA,2.24,464.5
1.82,-4850,NA,MD95-2011,NA,2.27,465.5
1.4,-4866,NA,MD95-2011,NA,1.99,466.5
1.36,-4882,NA,MD95-2011,NA,2.13,467.5
1.36,-4899,NA,MD95-2011,NA,2.12,468.5
1.37,-4915,NA,MD95-2011,NA,2.1,469.5
1.67,-4931,NA,MD95-2011,NA,2.19,470.5
1.39,-4948,NA,MD95-2011,NA,2.05,471.5
1.26,-4964,NA,MD95-2011,NA,2.01,472.5
1.25,-4980,NA,MD95-2011,NA,2.1,473.5
1.52,-4997,NA,MD95-2011,NA,2.15,474.5
1.7,-5013,NA,MD95-2011,NA,2.41,475.5
1.41,-5029,NA,MD95-2011,NA,2.11,476.5
1.51,-5045,NA,MD95-2011,NA,2.18,477.5
1.48,-5062,NA,MD95-2011,NA,2.08,478.5
1.4,-5078,NA,MD95-2011,NA,2.06,479.5
1.93,-5094,NA,MD95-2011,NA,2.23,480.5
1.3,-5111,NA,MD95-2011,NA,2.12,481.5
1.34,-5127,NA,MD95-2011,NA,2.05,482.5
1.4,-5143,NA,MD95-2011,NA,2.06,483.5
1.26,-5160,NA,MD95-2011,NA,2.06,484.5
1.73,-5176,NA,MD95-2011,NA,2.19,485.5
1.09,-5192,NA,MD95-2011,NA,2.04,486.5
1.21,-5209,NA,MD95-2011,NA,2.08,487.5
1.25,-5225,NA,MD95-2011,NA,2.16,488.5
1.39,-5241,NA,MD95-2011,NA,2.29,489.5
1.53,-5258,NA,MD95-2011,NA,2.03,490.5
1.41,-5274,NA,MD95-2011,NA,2.11,491.5
1.3,-5290,NA,MD95-2011,NA,2.05,492.5
1.38,-5306,NA,MD95-2011,NA,2.02,493.5
1.33,-5323,NA,MD95-2011,NA,2,494.5
1.68,-5339,NA,MD95-2011,NA,2.12,495.5
1.44,-5355,NA,MD95-2011,NA,2.09,496.5
1.4,-5372,NA,MD95-2011,NA,1.95,497.5
0.98,-5388,NA,MD95-2011,NA,2.03,498.5
1.33,-5404,NA,MD95-2011,NA,2.05,499.5
1.79,-5421,NA,MD95-2011,NA,2.45,500.5
1.43,-5437,NA,MD95-2011,NA,1.8,501.5
1.39,-5453,NA,MD95-2011,NA,2.24,502.5
1.44,-5470,NA,MD95-2011,NA,2.2,503.5
1.29,-5486,NA,MD95-2011,NA,2.03,504.5
1.49,-5502,NA,MD95-2011,NA,2.17,505.5
1.39,-5519,NA,MD95-2011,NA,1.95,506.5
1.46,-5535,NA,MD95-2011,NA,2.18,507.5
1.33,-5551,NA,MD95-2011,NA,1.88,508.5
1.46,-5568,NA,MD95-2011,NA,1.91,509.5
1.64,-5584,NA,MD95-2011,NA,1.9,510.5
1.29,-5600,NA,MD95-2011,NA,2.1,511.5
1.34,-5616,NA,MD95-2011,NA,2.05,512.5
1.33,-5633,NA,MD95-2011,NA,1.74,513.5
1.26,-5649,NA,MD95-2011,NA,1.83,514.5
1.4,-5665,NA,MD95-2011,NA,2.24,515.5
1.25,-5682,NA,MD95-2011,NA,1.92,516.5
1.24,-5698,NA,MD95-2011,NA,2.04,517.5
1.42,-5714,NA,MD95-2011,NA,2.01,518.5
1.26,-5731,NA,MD95-2011,NA,1.92,519.5
1.43,-5838,NA,MD95-2011,NA,2.03,524.5
1.48,-5860,NA,MD95-2011,NA,2.11,525.5
1.38,-5883,NA,MD95-2011,NA,2.13,526.5
1.76,-5906,NA,MD95-2011,NA,2.46,527.5
1.35,-5928,NA,MD95-2011,NA,2.17,528.5
1.33,-5951,NA,MD95-2011,NA,2.13,529.5
1.87,-5974,NA,MD95-2011,NA,2.24,530.5
1.71,-5996,NA,MD95-2011,NA,2.23,531.5
1.81,-6019,NA,MD95-2011,NA,2.27,532.5
1.61,-6042,NA,MD95-2011,NA,2.82,533.5
1.48,-6064,NA,MD95-2011,NA,2.95,534.5
1.82,-6087,NA,MD95-2011,NA,2.25,535.5
1.84,-6110,NA,MD95-2011,NA,2.16,536.5
1.8,-6132,NA,MD95-2011,NA,2.32,537.5
1.95,-6155,NA,MD95-2011,NA,2.05,538.5
1.61,-6178,NA,MD95-2011,NA,2.08,539.5
1.68,-6200,NA,MD95-2011,NA,2.09,540.5
1.79,-6223,NA,MD95-2011,NA,1.99,541.5
1.74,-6246,NA,MD95-2011,NA,2.08,542.5
1.82,-6268,NA,MD95-2011,NA,2.01,543.5
1.77,-6291,NA,MD95-2011,NA,2.02,544.5
1.97,-6314,NA,MD95-2011,NA,2.13,545.5
1.72,-6336,NA,MD95-2011,NA,2,546.5
1.65,-6359,NA,MD95-2011,NA,2,547.5
1.65,-6382,NA,MD95-2011,NA,2.17,548.5
1.59,-6404,NA,MD95-2011,NA,2.26,549.5
1.88,-6427,NA,MD95-2011,NA,2.27,550.5
1.82,-6450,NA,MD95-2011,NA,2.21,551.5
1.73,-6472,NA,MD95-2011,NA,2.17,552.5
1.96,-6495,NA,MD95-2011,NA,2.17,553.5
1.68,-6517,NA,MD95-2011,NA,2.31,554.5
1.87,-6540,NA,MD95-2011,NA,2.21,555.5
1.39,-6563,NA,MD95-2011,NA,2.31,556.5
1.52,-6585,NA,MD95-2011,NA,1.89,557.5
1.62,-6608,NA,MD95-2011,NA,2.07,558.5
1.57,-6631,NA,MD95-2011,NA,2.34,559.5
1.65,-6653,NA,MD95-2011,NA,2.08,560.5
1.42,-6699,NA,MD95-2011,NA,2.06,562.5
1.47,-6721,NA,MD95-2011,NA,1.69,563.5
NA,-6744,NA,MD95-2011,NA,2.14,564.5
1.69,-6767,NA,MD95-2011,NA,2.06,565.5
1.48,-6789,NA,MD95-2011,NA,2.17,566.5
1.66,-6812,NA,MD95-2011,NA,2.2,567.5
1.6,-6835,NA,MD95-2011,NA,2.2,568.5
1.7,-6857,NA,MD95-2011,NA,2.03,569.5
1.76,-6880,NA,MD95-2011,NA,2,570.5
1.62,-6903,NA,MD95-2011,NA,2.11,571.5
1.51,-6925,NA,MD95-2011,NA,1.92,572.5
1.5,-6948,NA,MD95-2011,NA,2.2,573.5
1.65,-6971,NA,MD95-2011,NA,1.99,574.5
1.87,-6993,NA,MD95-2011,NA,2.27,575.5
1.83,-7016,NA,MD95-2011,NA,2.16,576.5
1.77,-7039,NA,MD95-2011,NA,2.38,577.5
1.73,-7061,NA,MD95-2011,NA,2.18,578.5
1.55,-7084,NA,MD95-2011,NA,2.11,579.5
1.98,-7107,NA,MD95-2011,NA,2.18,580.5
1.98,-7129,NA,MD95-2011,NA,2.15,581.5
2,-7152,NA,MD95-2011,NA,2.38,582.5
2.02,-7175,NA,MD95-2011,NA,2.13,583.5
1.99,-7197,NA,MD95-2011,NA,2.09,584.5
1.84,-7220,NA,MD95-2011,NA,2.39,585.5
1.84,-7243,NA,MD95-2011,NA,1.98,586.5
2.01,-7265,NA,MD95-2011,NA,2.12,587.5
1.57,-7288,NA,MD95-2011,NA,2.16,588.5
1.99,-7311,NA,MD95-2011,NA,2.2,589.5
1.93,-7333,NA,MD95-2011,NA,2.39,590.5
1.76,-7356,NA,MD95-2011,NA,2.01,591.5
1.6,-7379,NA,MD95-2011,NA,2.12,592.5
1.85,-7401,NA,MD95-2011,NA,2,593.5
1.48,-7424,NA,MD95-2011,NA,1.96,594.5
1.98,-7447,NA,MD95-2011,NA,2.24,595.5
2.06,-7469,NA,MD95-2011,NA,2.37,596.5
1.77,-7492,NA,MD95-2011,NA,1.89,597.5
1.82,-7515,NA,MD95-2011,NA,1.9,598.5
1.7,-7537,NA,MD95-2011,NA,1.87,599.5
2.03,-7560,NA,MD95-2011,NA,2.48,600.5
1.64,-7583,NA,MD95-2011,NA,1.88,601.5
1.72,-7605,NA,MD95-2011,NA,2,602.5
1.81,-7628,NA,MD95-2011,NA,2.06,603.5
2.05,-7651,NA,MD95-2011,NA,2.05,604.5
1.78,-7673,NA,MD95-2011,NA,2.45,605.5
1.74,-7696,NA,MD95-2011,NA,1.87,606.5
1.53,-7719,NA,MD95-2011,NA,2.03,607.5
1.6,-7741,NA,MD95-2011,NA,1.72,608.5
1.98,-7764,NA,MD95-2011,NA,1.97,609.5
1.98,-7787,NA,MD95-2011,NA,2.32,610.5
1.96,-7809,NA,MD95-2011,NA,2,611.5
1.79,-7832,NA,MD95-2011,NA,2.05,612.5
1.74,-7855,NA,MD95-2011,NA,2.13,613.5
1.86,-7877,NA,MD95-2011,NA,2.15,614.5
1.76,-7900,NA,MD95-2011,NA,2.66,615.5
1.77,-7922,NA,MD95-2011,NA,1.92,616.5
1.89,-7945,NA,MD95-2011,NA,2.37,617.5
1.6,-7968,NA,MD95-2011,NA,2.07,618.5
1.84,-7990,NA,MD95-2011,NA,1.88,619.5
1.85,-8013,NA,MD95-2011,NA,2.37,620.5
1.66,-8036,NA,MD95-2011,NA,1.99,621.5
1.71,-8058,NA,MD95-2011,NA,2.14,622.5
1.56,-8081,NA,MD95-2011,NA,1.85,623.5
1.77,-8104,NA,MD95-2011,NA,2,624.5
2.07,-8126,NA,MD95-2011,NA,2.69,625.5
1.95,-8149,NA,MD95-2011,NA,2.04,626.5
1.86,-8172,NA,MD95-2011,NA,1.97,627.5
1.54,-8194,NA,MD95-2011,NA,2.47,628.5
1.68,-8217,NA,MD95-2011,NA,2.11,629.5
1.73,-8240,NA,MD95-2011,NA,2.74,630.5
1.96,-8262,NA,MD95-2011,NA,2.13,631.5
1.9,-8285,NA,MD95-2011,NA,2.06,632.5
1.93,-8308,NA,MD95-2011,NA,1.9,633.5
1.83,-8330,NA,MD95-2011,NA,2.1,634.5
2.14,-8353,NA,MD95-2011,NA,2.59,635.5
1.84,-8376,NA,MD95-2011,NA,1.87,636.5
1.83,-8398,NA,MD95-2011,NA,1.91,637.5
1.9,-8421,NA,MD95-2011,NA,1.95,638.5
1.86,-8444,NA,MD95-2011,NA,1.87,639.5
1.92,-8466,NA,MD95-2011,NA,2.44,640.5
1.86,-8489,NA,MD95-2011,NA,2.07,641.5
1.84,-8512,NA,MD95-2011,NA,NA,642.5
1.84,-8534,NA,MD95-2011,NA,2.2,643.5
1.83,-8557,NA,MD95-2011,NA,2,644.5
1.79,-8580,NA,MD95-2011,NA,2.33,645.5
1.86,-8602,NA,MD95-2011,NA,2.32,646.5
1.88,-8625,NA,MD95-2011,NA,2.42,647.5
1.78,-8648,NA,MD95-2011,NA,2.25,648.5
1.87,-8670,NA,MD95-2011,NA,2.04,649.5
2.01,-8693,NA,MD95-2011,NA,2.43,650.5
1.69,-8716,NA,MD95-2011,NA,NA,651.5
1.67,-8738,NA,MD95-2011,NA,NA,652.5
1.57,-8761,NA,MD95-2011,NA,2.85,653.5
1.7,-8784,NA,MD95-2011,NA,NA,654.5
1.72,-8806,NA,MD95-2011,NA,2.73,655.5
1.53,-8829,NA,MD95-2011,NA,NA,656.5
1.6,-8852,NA,MD95-2011,NA,NA,657.5
1.47,-8874,NA,MD95-2011,NA,2.41,658.5
1.58,-8897,NA,MD95-2011,NA,2.6,659.5
1.96,-8920,NA,MD95-2011,NA,2.57,660.5
1.51,-8942,NA,MD95-2011,NA,2.45,661.5
1.61,-8965,NA,MD95-2011,NA,2.33,662.5
1.63,-8988,NA,MD95-2011,NA,2.31,663.5
1.92,-9010,NA,MD95-2011,NA,2.77,664.5
2.11,-9033,NA,MD95-2011,NA,2.46,665.5
1.6,-9056,NA,MD95-2011,NA,2.53,666.5
1.96,-9078,NA,MD95-2011,NA,2.84,667.5
1.79,-9101,NA,MD95-2011,NA,2.69,668.5
1.62,-9124,NA,MD95-2011,NA,2.16,669.5
2.03,-9146,NA,MD95-2011,NA,2.41,670.5
1.95,-9169,NA,MD95-2011,NA,2.62,671.5
1.87,-9192,NA,MD95-2011,NA,2.73,672.5
1.89,-9214,NA,MD95-2011,NA,2.52,673.5
1.88,-9237,NA,MD95-2011,NA,2.69,674.5
1.94,-9260,NA,MD95-2011,NA,2.63,675.5
1.63,-9282,NA,MD95-2011,NA,2.53,676.5
1.79,-9305,NA,MD95-2011,NA,2.58,677.5
1.73,-9327,NA,MD95-2011,NA,2.54,678.5
1.91,-9350,NA,MD95-2011,NA,2.56,679.5
2.13,-9373,NA,MD95-2011,NA,2.6,680.5
1.59,-9395,NA,MD95-2011,NA,2.64,681.5
1.91,-9418,NA,MD95-2011,NA,2.76,682.5
1.9,-9441,NA,MD95-2011,NA,2.54,683.5
1.9,-9463,NA,MD95-2011,NA,2.56,684.5
1.98,-9486,NA,MD95-2011,NA,2.71,685.5
1.63,-9509,NA,MD95-2011,NA,2.6,686.5
1.83,-9531,NA,MD95-2011,NA,2.48,687.5
1.99,-9554,NA,MD95-2011,NA,2.78,688.5
2.16,-9577,NA,MD95-2011,NA,2.92,689.5
1.91,-9599,NA,MD95-2011,NA,2.82,690.5
2.06,-9622,NA,MD95-2011,NA,2.85,691.5
2.05,-9645,NA,MD95-2011,NA,2.59,692.5
1.83,-9667,NA,MD95-2011,NA,2.81,693.5
2.87,-9690,NA,MD95-2011,NA,2.96,694.5
2.73,-9713,NA,MD95-2011,NA,3.04,695.5
2.61,-9735,NA,MD95-2011,NA,2.88,696.5
NA,-9758,NA,MD95-2011,NA,2.74,697.5
1.79,-9781,NA,MD95-2011,NA,3,698.5
NA,-9803,NA,MD95-2011,NA,2.99,699.5
NA,-9826,NA,MD95-2011,NA,3.26,700.5
NA,-9849,NA,MD95-2011,NA,2.92,701.5
2.37,-9871,NA,MD95-2011,NA,3.09,702.5
NA,-9894,NA,MD95-2011,NA,2.99,703.5
NA,-9939,NA,MD95-2011,NA,3.53,705.5
3.03,-9962,NA,MD95-2011,NA,3.11,706.5
NA,-9985,NA,MD95-2011,NA,3.24,707.5
3.04,-10007,NA,MD95-2011,NA,3.34,708.5
NA,-10097,NA,MD95-2011,NA,3.56,710.5
3.09,-10165,NA,MD95-2011,NA,3.29,711.5
NA,-10232,NA,MD95-2011,NA,3.4,712.5
2.96,-10299,NA,MD95-2011,NA,3.18,713.5
3.11,-10366,NA,MD95-2011,NA,3.36,714.5
NA,-10434,NA,MD95-2011,NA,3.28,715.5
3.07,-10501,NA,MD95-2011,NA,3.35,716.5
3.13,-10568,NA,MD95-2011,NA,3.45,717.5
3.18,-10636,NA,MD95-2011,NA,3.3,718.5
NA,-10703,NA,MD95-2011,NA,3.27,719.5
3.63,-10770,NA,MD95-2011,NA,3.48,720.5
3.22,-10837,NA,MD95-2011,NA,3.47,721.5
3.36,-10905,NA,MD95-2011,NA,3.78,722.5
3.4,-10972,NA,MD95-2011,NA,3.59,723.5
3.47,-11039,NA,MD95-2011,NA,3.35,724.5
NA,-11107,NA,MD95-2011,NA,3.63,725.5
3.18,-11174,NA,MD95-2011,NA,3.73,726.5
NA,-11241,NA,MD95-2011,NA,3.48,727.5
2.99,-11308,NA,MD95-2011,NA,3.6,728.5
3.19,-11376,NA,MD95-2011,NA,3.35,729.5
3.27,-11443,NA,MD95-2011,NA,3.68,730.5
3.17,-11464,NA,MD95-2011,NA,3.63,731.5
3.46,-11484,NA,MD95-2011,NA,3.65,732.5
3.38,-11505,NA,MD95-2011,NA,3.47,733.5
3.38,-11526,NA,MD95-2011,NA,3.53,734.5
NA,-11546,NA,MD95-2011,NA,3.47,735.5
3.5,-11567,NA,MD95-2011,NA,3.58,736.5
3.11,-11588,NA,MD95-2011,NA,3.66,737.5
3.32,-11608,NA,MD95-2011,NA,3.57,738.5
3.36,-11629,NA,MD95-2011,NA,3.65,739.5
NA,-11650,NA,MD95-2011,NA,3.7,740.5
3.5,-11670,NA,MD95-2011,NA,3.64,741.5
NA,-11691,NA,MD95-2011,NA,3.63,742.5
NA,-11711,NA,MD95-2011,NA,3.72,743.5
3.23,-11732,NA,MD95-2011,NA,3.16,744.5
NA,-11753,NA,MD95-2011,NA,3.66,745.5
